raw_data,overs,runs,team_runs,commentary,bowler,batsman,batsman_runs,batsman_fours,batsman_sixes,batsman_bowls_faced,bowler_bowls_done,bowler_runs_given,bowler_wickets,dismissal,runs_given_bool
"0.1 
1 
Pradeep to Lewis, 1 run 
back of a length, wicket-to-wicket line, flicked to the on-side",0.1,1,1.0,"Pradeep to Lewis, 1 run  .back of a length, wicket-to-wicket line, flicked to the on-side",Pradeep,Lewis,1.0,0,0,1,1,1.0,0,,1
"0.2 
1 
Pradeep to Hope, 1 run 
squeezed off a full length, out through backward point",0.2,1,1.0,"Pradeep to Hope, 1 run  .squeezed off a full length, out through backward point",Pradeep,Hope,1.0,0,0,1,1,1.0,0,,1
"0.3 
• 
Pradeep to Lewis, no run 
a back-foot slap into the off-side, can't connect properly 
Vinod Rajpal: ""Hello Mr...AM, a genuine ODI score of the 90s...Gut feeling that SriLanka 
will defend this !!"" Oh, how I miss 1990s ODIs... not!",0.3,0,0.0,"Pradeep to Lewis, no run  .a back-foot slap into the off-side, can't connect properly",Pradeep,Lewis,0.0,0,0,1,1,0.0,0,,0
"0.4 
4 
Pradeep to Lewis, FOUR runs 
clonked through the covers! High elbow, full face, sweet timing. Drills!",0.4,4,4.0,"Pradeep to Lewis, FOUR runs  .clonked through the covers! High elbow, full face, sweet timing. Drills!",Pradeep,Lewis,4.0,1,0,1,1,4.0,0,,1
"0.5 
• 
Pradeep to Lewis, no run 
sliding back and across to defend back to the bowler",0.5,0,0.0,"Pradeep to Lewis, no run  .sliding back and across to defend back to the bowler",Pradeep,Lewis,0.0,0,0,1,1,0.0,0,,0
"0.6 
• 
Pradeep to Lewis, no run 
thumped firmly from a full length, out to cover again 
end of over 16 runs  
WI: 6/0CRR: 6.00 • RRR: 5.46 
Evin Lewis5 (5b 1x4) 
Shai Hope1 (1b) 
Nuwan Pradeep 1-0-6-0",0.6,0,0.0,"Pradeep to Lewis, no run  .thumped firmly from a full length, out to cover again",Pradeep,Lewis,0.0,0,0,1,1,0.0,0,,0
"1.1 
• 
Chameera to Hope, no run 
full and straight, worked to the on-side",1.1,0,0.0,"Chameera to Hope, no run  .full and straight, worked to the on-side",Chameera,Hope,0.0,0,0,1,1,0.0,0,,0
"1.2 
• 
Chameera to Hope, no run 
full face of the bat, punched firmly out to cover",1.2,0,0.0,"Chameera to Hope, no run  .full face of the bat, punched firmly out to cover",Chameera,Hope,0.0,0,0,1,1,0.0,0,,0
"1.3 
• 
Chameera to Hope, no run 
flashed into the covers, tight and probing line, solid contact but grabbed well with a dive",1.3,0,0.0,"Chameera to Hope, no run  .flashed into the covers, tight and probing line, solid contact but grabbed well with a dive",Chameera,Hope,0.0,0,0,1,1,0.0,0,,0
"1.4 
• 
Chameera to Hope, no run 
banged in short and bobbles to the keeper, an enthusiastic appeal as Hope got in a 
tangle but nothing doing there. Apart from a good slice of helmet. A mandatory check 
from the physio and on we go",1.4,0,0.0,"Chameera to Hope, no run  .banged in short and bobbles to the keeper, an enthusiastic appeal as Hope got in a  .tangle but nothing doing there. Apart from a good slice of helmet. A mandatory check  .from the physio and on we go",Chameera,Hope,0.0,0,0,1,1,0.0,0,,0
"1.5 
4 
Chameera to Hope, FOUR runs 
punched sweetly though point! When he's on song he plays the angles so well, open 
face, firm strike, on the up 
Abdullah Babar: ""Hopefully Hope is hoping he will give hope to WI"" We can but hope",1.5,4,4.0,"Chameera to Hope, FOUR runs  .punched sweetly though point! When he's on song he plays the angles so well, open  .face, firm strike, on the up",Chameera,Hope,4.0,1,0,1,1,4.0,0,,1
"1.6 
• 
Chameera to Hope, no run 
short and wide of off stump, they are very generous on wides in this series... 
end of over 24 runs  
WI: 10/0CRR: 5.00 • RRR: 5.50 
Shai Hope5 (7b 1x4) 
Evin Lewis5 (5b 1x4) 
Dushmantha Chameera 1-0-4-0 
Nuwan Pradeep 1-0-6-0",1.6,0,0.0,"Chameera to Hope, no run  .short and wide of off stump, they are very generous on wides in this series...",Chameera,Hope,0.0,0,0,1,1,0.0,0,,0
"2.1 
• 
Pradeep to Lewis, no run 
full and straight, drilled to mid-off",2.1,0,0.0,"Pradeep to Lewis, no run  .full and straight, drilled to mid-off",Pradeep,Lewis,0.0,0,0,1,1,0.0,0,,0
"2.2 
• 
Pradeep to Lewis, no run 
wicket-to-wicket line, keeps a fraction low from back of a length and punched back 
down the track",2.2,0,0.0,"Pradeep to Lewis, no run  .wicket-to-wicket line, keeps a fraction low from back of a length and punched back  .down the track",Pradeep,Lewis,0.0,0,0,1,1,0.0,0,,0
"2.3 
• 
Pradeep to Lewis, no run 
short, and Lewis ducks",2.3,0,0.0,"Pradeep to Lewis, no run  .short, and Lewis ducks",Pradeep,Lewis,0.0,0,0,1,1,0.0,0,,0
"2.4 
1 
Pradeep to Lewis, 1 run 
opens the face for a jab to point, riding the bounce on a tight line",2.4,1,1.0,"Pradeep to Lewis, 1 run  .opens the face for a jab to point, riding the bounce on a tight line",Pradeep,Lewis,1.0,0,0,1,1,1.0,0,,1
"2.5 
• 
Pradeep to Hope, no run 
thumps the pad on a reasonably full length, but shaping down the leg side 
Kula: ""Either Hasaranga or Dana should bowl within the first PP to keep the Windies 
quiet "" 
Some running repairs for Hope, who may have worn that last ball on the thigh",2.5,0,0.0,"Pradeep to Hope, no run  .thumps the pad on a reasonably full length, but shaping down the leg side",Pradeep,Hope,0.0,0,0,1,1,0.0,0,,0
"2.6 
4 
Pradeep to Hope, FOUR runs 
dumped over long-on! Drilled from a full length, very high elbow, clean through the ball. 
That's good aggression 
end of over 35 runs  
WI: 15/0CRR: 5.00 • RRR: 5.51 
Shai Hope9 (9b 2x4) 
Evin Lewis6 (9b 1x4) 
Nuwan Pradeep 2-0-11-0 
Dushmantha Chameera 1-0-4-0",2.6,4,4.0,"Pradeep to Hope, FOUR runs  .dumped over long-on! Drilled from a full length, very high elbow, clean through the ball.  .That's good aggression",Pradeep,Hope,4.0,1,0,1,1,4.0,0,,1
"3.1 
1 
Chameera to Lewis, 1 run 
round the wicket, closing the face for a clip to the leg side. A bit of confusion but safe in 
the end",3.1,1,1.0,"Chameera to Lewis, 1 run  .round the wicket, closing the face for a clip to the leg side. A bit of confusion but safe in  .the end",Chameera,Lewis,1.0,0,0,1,1,1.0,0,,1
"3.2 
4 
Chameera to Hope, FOUR runs 
flashed over third man! Too short, outside off, all he needed to do was open the face 
and go at it hard. Free runs on impact 
Rahul: ""Greetings from India! An engineering book in the hand, Rally Round the WI 
playing in the headphones, with gentle cool breeze blowing in the dark night and my 
eyes following the score religiously. Can't get any better!! "" All aboard!",3.2,4,4.0,"Chameera to Hope, FOUR runs  .flashed over third man! Too short, outside off, all he needed to do was open the face  .and go at it hard. Free runs on impact",Chameera,Hope,4.0,1,0,1,1,4.0,0,,1
"3.3 
• 
Chameera to Hope, no run 
tighter line, drawn onto the front foot for a punch to cover",3.3,0,0.0,"Chameera to Hope, no run  .tighter line, drawn onto the front foot for a punch to cover",Chameera,Hope,0.0,0,0,1,1,0.0,0,,0
"3.4 
3 
Chameera to Hope, 3 runs 
short, but not very short, and Hope nearly scuffs his pull to midwicket! A leap but can't 
intercept, as the ball dribbles towards the rope",3.4,3,3.0,"Chameera to Hope, 3 runs  .short, but not very short, and Hope nearly scuffs his pull to midwicket! A leap but can't  .intercept, as the ball dribbles towards the rope",Chameera,Hope,3.0,0,0,1,1,3.0,0,,1
"3.5 
4 
Chameera to Lewis, FOUR runs 
speared into the toes, on a very full length round the wicket, Lewis gets the toe of his 
bat in the way, and it's a fine deflection for another boundary",3.5,4,4.0,"Chameera to Lewis, FOUR runs  .speared into the toes, on a very full length round the wicket, Lewis gets the toe of his  .bat in the way, and it's a fine deflection for another boundary",Chameera,Lewis,4.0,1,0,1,1,4.0,0,,1
"3.6 
• 
Chameera to Lewis, no run 
solid in defence, striding forward to block 
OffbrandPrius: ""Hope shouldn't Shai away from the big shots"" I see what you did there 
end of over 412 runs  
WI: 27/0CRR: 6.75 • RRR: 5.36 
Evin Lewis11 (12b 2x4) 
Shai Hope16 (12b 3x4) 
Dushmantha Chameera 2-0-16-0 
Nuwan Pradeep 2-0-11-0",3.6,0,0.0,"Chameera to Lewis, no run  .solid in defence, striding forward to block",Chameera,Lewis,0.0,0,0,1,1,0.0,0,,0
"4.1 
• 
Pradeep to Hope, no run 
full and straight, Hope misses with a swish through the line, but that's clearing the 
stumps as it thumps the pads",4.1,0,0.0,"Pradeep to Hope, no run  .full and straight, Hope misses with a swish through the line, but that's clearing the  .stumps as it thumps the pads",Pradeep,Hope,0.0,0,0,1,1,0.0,0,,0
"4.2 
• 
Pradeep to Hope, no run 
poked out to point 
Aronya: ""@Miller I'd rather watch a 90s ODI than the massacre of bowlers that often 
happens at the ODI level nowadays "" Each to their own. I rather enjoy ludicrous run-feats 
in ODIs. Still room for canny bowling, it's just judged differently...",4.2,0,0.0,"Pradeep to Hope, no run  .poked out to point",Pradeep,Hope,0.0,0,0,1,1,0.0,0,,0
"4.3 
1 
Pradeep to Hope, 1 run 
flicked off the pads, and just about intercepted on the 45.",4.3,1,1.0,"Pradeep to Hope, 1 run  .flicked off the pads, and just about intercepted on the 45.",Pradeep,Hope,1.0,0,0,1,1,1.0,0,,1
"4.4 
• 
Pradeep to Lewis, no run 
hard hands, jabbing forward in defence",4.4,0,0.0,"Pradeep to Lewis, no run  .hard hands, jabbing forward in defence",Pradeep,Lewis,0.0,0,0,1,1,0.0,0,,0
"4.5 
• 
Pradeep to Lewis, no run 
cracked off a good length, hitting through the line, and nearly scuffed to short cover. Not 
quite in the arc that time",4.5,0,0.0,"Pradeep to Lewis, no run  .cracked off a good length, hitting through the line, and nearly scuffed to short cover. Not  .quite in the arc that time",Pradeep,Lewis,0.0,0,0,1,1,0.0,0,,0
"4.6 
• 
Pradeep to Lewis, no run 
patted away to complete a tidier over 
Andrew : ""I'm here for the puns! "" Glad someone is. That makes my Friday worthwhile... 
end of over 51 run  
WI: 28/0CRR: 5.60 • RRR: 5.46 
Evin Lewis11 (15b 2x4) 
Shai Hope17 (15b 3x4) 
Nuwan Pradeep 3-0-12-0 
Dushmantha Chameera 2-0-16-0",4.6,0,0.0,"Pradeep to Lewis, no run  .patted away to complete a tidier over",Pradeep,Lewis,0.0,0,0,1,1,0.0,0,,0
"5.1 
2 
Chameera to Hope, 2 runs 
back on the stumps, worked into space on the leg side 
palitha : ""Jayasuriya/Kaluwitharane approach in the PP is rarely seen these days. WI vey 
capable though. Miss the two guys!"" Now those were the days...",5.1,2,2.0,"Chameera to Hope, 2 runs  .back on the stumps, worked into space on the leg side",Chameera,Hope,2.0,0,0,1,1,2.0,0,,1
"5.2 
1 
Chameera to Hope, 1 run 
drags his length back sharply, fenced to the leg side",5.2,1,1.0,"Chameera to Hope, 1 run  .drags his length back sharply, fenced to the leg side",Chameera,Hope,1.0,0,0,1,1,1.0,0,,1
"5.3 
• 
Chameera to Lewis, no run 
round the wicket, blocked on the back foot 
palitha: ""Where is Andrew Fidel today? Nap time???"" Currently watching a Dilshan 
special, some eclectic broadcasting in Sri Lanka today. He'll be back",5.3,0,0.0,"Chameera to Lewis, no run  .round the wicket, blocked on the back foot",Chameera,Lewis,0.0,0,0,1,1,0.0,0,,0
"5.4 
• 
Chameera to Lewis, no run 
pressed to mid-off",5.4,0,0.0,"Chameera to Lewis, no run  .pressed to mid-off",Chameera,Lewis,0.0,0,0,1,1,0.0,0,,0
"5.5 
2 
Chameera to Lewis, 2 runs 
round the wicket, into the toes, clipped to the on-side",5.5,2,2.0,"Chameera to Lewis, 2 runs  .round the wicket, into the toes, clipped to the on-side",Chameera,Lewis,2.0,0,0,1,1,2.0,0,,1
"5.6 
• 
Chameera to Lewis, no run 
full face, poked to the on-side, well grabbed 
Speak of the devil, here is Fidel in full fidelity 
end of over 65 runs  
WI: 33/0CRR: 5.50 • RRR: 5.47 
Evin Lewis13 (19b 2x4) 
Shai Hope20 (17b 3x4) 
Dushmantha Chameera 3-0-21-0 
Nuwan Pradeep 3-0-12-0",5.6,0,0.0,"Chameera to Lewis, no run  .full face, poked to the on-side, well grabbed  .Speak of the devil, here is Fidel in full fidelity",Chameera,Lewis,0.0,0,0,1,1,0.0,0,,0
"6.1 
• 
Pradeep to Hope, no run 
open face, jabbed to point",6.1,0,0.0,"Pradeep to Hope, no run  .open face, jabbed to point",Pradeep,Hope,0.0,0,0,1,1,0.0,0,,0
"6.2 
• 
Pradeep to Hope, no run 
whipped off the toes to the on-side",6.2,0,0.0,"Pradeep to Hope, no run  .whipped off the toes to the on-side",Pradeep,Hope,0.0,0,0,1,1,0.0,0,,0
"6.3 
1 
Pradeep to Hope, 1 run 
open face again, and pressed to point",6.3,1,1.0,"Pradeep to Hope, 1 run  .open face again, and pressed to point",Pradeep,Hope,1.0,0,0,1,1,1.0,0,,1
"6.4 
1 
Pradeep to Lewis, 1 run 
on the pads, hustled out to midwicket 
Naby: ""Jayasuriya Kalu was replicated by Gilchrist and M Waugh soon. Ahh miss the 
90s (Gibbs-Kirten, Ganguly-Tendulkar, Astle-Sinclair, Knight-Artherton).. what an era!!"" 
Knight-Atherton ... yes, like I was saying!",6.4,1,1.0,"Pradeep to Lewis, 1 run  .on the pads, hustled out to midwicket",Pradeep,Lewis,1.0,0,0,1,1,1.0,0,,1
"6.5 
• 
Pradeep to Hope, no run",6.5,0,0.0,"Pradeep to Hope, no run",Pradeep,Hope,0.0,0,0,1,1,0.0,0,,0
"6.6 
• 
Pradeep to Hope, no run 
open-faced poke out to point 
end of over 72 runs  
WI: 35/0CRR: 5.00 • RRR: 5.55 
Shai Hope21 (22b 3x4) 
Evin Lewis14 (20b 2x4) 
Nuwan Pradeep 4-0-14-0 
Dushmantha Chameera 3-0-21-0",6.6,0,0.0,"Pradeep to Hope, no run  .open-faced poke out to point",Pradeep,Hope,0.0,0,0,1,1,0.0,0,,0
"7.1 
4 
Chameera to Lewis, FOUR runs 
back of a length ball into the ribs but Lewis is back and onto that in a flash. Absolutely 
murdered behind square on the legside. No fielders moved. Shot!",7.1,4,4.0,"Chameera to Lewis, FOUR runs  .back of a length ball into the ribs but Lewis is back and onto that in a flash. Absolutely  .murdered behind square on the legside. No fielders moved. Shot!",Chameera,Lewis,4.0,1,0,1,1,4.0,0,,1
"7.2 
• 
Chameera to Lewis, no run 
length outside off, fended to cover",7.2,0,0.0,"Chameera to Lewis, no run  .length outside off, fended to cover",Chameera,Lewis,0.0,0,0,1,1,0.0,0,,0
"7.3 
1 
Chameera to Lewis, 1 run 
yorker, fired in pretty wide of off though. Lewis tries to dig it out but it goes off the 
inside half towards square leg and there's a single there",7.3,1,1.0,"Chameera to Lewis, 1 run  .yorker, fired in pretty wide of off though. Lewis tries to dig it out but it goes off the  .inside half towards square leg and there's a single there",Chameera,Lewis,1.0,0,0,1,1,1.0,0,,1
"7.4 
• 
Chameera to Hope, no run 
length outside off, 138kph, pushed to cover",7.4,0,0.0,"Chameera to Hope, no run  .length outside off, 138kph, pushed to cover",Chameera,Hope,0.0,0,0,1,1,0.0,0,,0
"7.5 
1 
Chameera to Hope, 1 run 
short of a length ball on off stump. Hope shuffles across, gets over the top of the 
bounce, and flicks this to leg, into space square of the pitch",7.5,1,1.0,"Chameera to Hope, 1 run  .short of a length ball on off stump. Hope shuffles across, gets over the top of the  .bounce, and flicks this to leg, into space square of the pitch",Chameera,Hope,1.0,0,0,1,1,1.0,0,,1
"7.6 
4 
Chameera to Lewis, FOUR runs 
ooooof. Lewis hits a bullet drive. Chameera goes looking for the yorker again, wide of 
off stump. and gets it slightly wrong. It's a full toss that Lewis lays into, bludgeoning it 
powerfully down the ground, past mid on, almost faster than it came at him. No chance 
anyone would stop that 
end of over 810 runs  
WI: 45/0CRR: 5.62 • RRR: 5.45 
Evin Lewis23 (24b 4x4) 
Shai Hope22 (24b 3x4) 
Dushmantha Chameera 4-0-31-0 
Nuwan Pradeep 4-0-14-0 
Anyway, here's Thisara Perera. 
Naby: ""From Calcutta, Cold breeze blowing, some good old scotch, Big bag theory re-
run, finishing some Monday work and checking commentary on Cricinfo! Well, my Friday 
evening is sorted!!"" Everything but Big Bang Theory sounds magic here #TVsnob (sorry 
Naby)",7.6,4,4.0,"Chameera to Lewis, FOUR runs  .ooooof. Lewis hits a bullet drive. Chameera goes looking for the yorker again, wide of  .off stump. and gets it slightly wrong. It's a full toss that Lewis lays into, bludgeoning it  .powerfully down the ground, past mid on, almost faster than it came at him. No chance  .anyone would stop that",Chameera,Lewis,4.0,1,0,1,1,4.0,0,,1
"8.1 
• 
Perera to Hope, no run 
length ball outside off, poked into the offside",8.1,0,0.0,"Perera to Hope, no run  .length ball outside off, poked into the offside",Perera,Hope,0.0,0,0,1,1,0.0,0,,0
"8.2 
1 
Perera to Hope, 1 run 
length wide of off again, which Hope gets an outside edge to. It flies off towards short 
third man, where Dushmantha Chameera makes a diving effort and parries it. They take 
one",8.2,1,1.0,"Perera to Hope, 1 run  .length wide of off again, which Hope gets an outside edge to. It flies off towards short  .third man, where Dushmantha Chameera makes a diving effort and parries it. They take  .one",Perera,Hope,1.0,0,0,1,1,1.0,0,,1
"8.3 
1 
Perera to Lewis, 1 run 
fullish ball outside off, driven square to deep point",8.3,1,1.0,"Perera to Lewis, 1 run  .fullish ball outside off, driven square to deep point",Perera,Lewis,1.0,0,0,1,1,1.0,0,,1
"8.4 
1 
Perera to Hope, 1 run 
length ball wide of off, gets back and punches this to sweeper cover",8.4,1,1.0,"Perera to Hope, 1 run  .length ball wide of off, gets back and punches this to sweeper cover",Perera,Hope,1.0,0,0,1,1,1.0,0,,1
"8.5 
• 
Perera to Lewis, no run 
fullish ball on the stumps, stays a little low. Lewis turns this straight to short midwicket 
and looks for a run but is wisely turned back",8.5,0,0.0,"Perera to Lewis, no run  .fullish ball on the stumps, stays a little low. Lewis turns this straight to short midwicket  .and looks for a run but is wisely turned back",Perera,Lewis,0.0,0,0,1,1,0.0,0,,0
"8.6 
6 
Perera to Lewis, SIX runs 
Ba-boom. Lewis clears the front leg, and connects with this fullish delivery from Thisara, 
swinging it high over long on for six. A shot of disdain. 
end of over 99 runs  
WI: 54/0CRR: 6.00 • RRR: 5.36 
Evin Lewis30 (27b 4x4 1x6) 
Shai Hope24 (27b 3x4) 
Thisara Perera 1-0-9-0 
Dushmantha Chameera 4-0-31-0 
Gunathilaka's offspin is up.",8.6,6,6.0,"Perera to Lewis, SIX runs  .Ba-boom. Lewis clears the front leg, and connects with this fullish delivery from Thisara,  .swinging it high over long on for six. A shot of disdain.",Perera,Lewis,6.0,0,1,1,1,6.0,0,,1
"9.1 
1 
Gunathilaka to Hope, 1 run 
floated up just wide of off, worked wide of mid on for one",9.1,1,1.0,"Gunathilaka to Hope, 1 run  .floated up just wide of off, worked wide of mid on for one",Gunathilaka,Hope,1.0,0,0,1,1,1.0,0,,1
"9.2 
1 
Gunathilaka to Lewis, 1 run 
fired in slightly, full and just wide of off. Driven wide enough of mid off for a single to 
ensue",9.2,1,1.0,"Gunathilaka to Lewis, 1 run  .fired in slightly, full and just wide of off. Driven wide enough of mid off for a single to  .ensue",Gunathilaka,Lewis,1.0,0,0,1,1,1.0,0,,1
"9.3 
1 
Gunathilaka to Hope, 1 run 
darted in on the pads, turned around the corner to square leg, and it's far enough from 
the fielder that there's one ther",9.3,1,1.0,"Gunathilaka to Hope, 1 run  .darted in on the pads, turned around the corner to square leg, and it's far enough from  .the fielder that there's one ther",Gunathilaka,Hope,1.0,0,0,1,1,1.0,0,,1
"9.4 
• 
Gunathilaka to Lewis, no run 
shortish and wide, and Lewis probably should have done more with this than slap it 
straight to point",9.4,0,0.0,"Gunathilaka to Lewis, no run  .shortish and wide, and Lewis probably should have done more with this than slap it  .straight to point",Gunathilaka,Lewis,0.0,0,0,1,1,0.0,0,,0
"9.5 
• 
Gunathilaka to Lewis, no run 
darted in wide of off stump, squirted to point",9.5,0,0.0,"Gunathilaka to Lewis, no run  .darted in wide of off stump, squirted to point",Gunathilaka,Lewis,0.0,0,0,1,1,0.0,0,,0
"9.6 
• 
Gunathilaka to Lewis, no run 
wide of off, left alone 
end of over 103 runs  
WI: 57/0CRR: 5.70 • RRR: 5.42 
Evin Lewis31 (31b 4x4 1x6) 
Shai Hope26 (29b 3x4) 
Danushka Gunathilaka 1-0-3-0 
Thisara Perera 1-0-9-0",9.6,0,0.0,"Gunathilaka to Lewis, no run  .wide of off, left alone",Gunathilaka,Lewis,0.0,0,0,1,1,0.0,0,,0
"10.1 
1 
Perera to Hope, 1 run 
fullish on the stumps, worked to midwicket",10.1,1,1.0,"Perera to Hope, 1 run  .fullish on the stumps, worked to midwicket",Perera,Hope,1.0,0,0,1,1,1.0,0,,1
"10.2 
• 
Perera to Lewis, no run 
length ball on the stumps, defended back to the bowler. 
Rahul Sargam: ""I feel the only man who can dismiss Hope is Hasaranga, and if he 
doesn't, another ton is coming our way, hope is looking solid, the only man can change 
the match is Hasaranga and I hope there will be some quality contest between these 
two. Game on, I'm not gonna sleep, I'll watch this entire match. """,10.2,0,0.0,"Perera to Lewis, no run  .length ball on the stumps, defended back to the bowler.",Perera,Lewis,0.0,0,0,1,1,0.0,0,,0
"10.3 
• 
Perera to Lewis, no run 
length ball, a little further to off stump this time. Blocked to short cover",10.3,0,0.0,"Perera to Lewis, no run  .length ball, a little further to off stump this time. Blocked to short cover",Perera,Lewis,0.0,0,0,1,1,0.0,0,,0
"10.4 
1 
Perera to Lewis, 1 run 
sreaky! Thisara pitches this fullish, just wide of off. Lewis tries to slam that over long 
off, but gets a thick outside edge. It goes to third man, just on the bounce.",10.4,1,1.0,"Perera to Lewis, 1 run  .sreaky! Thisara pitches this fullish, just wide of off. Lewis tries to slam that over long  .off, but gets a thick outside edge. It goes to third man, just on the bounce.",Perera,Lewis,1.0,0,0,1,1,1.0,0,,1
"10.5 
1 
Perera to Hope, 1 run 
fullish on the stumps, hit to the legside where midwicket moves across while they take 
a run",10.5,1,1.0,"Perera to Hope, 1 run  .fullish on the stumps, hit to the legside where midwicket moves across while they take  .a run",Perera,Hope,1.0,0,0,1,1,1.0,0,,1
"10.6 
• 
Perera to Lewis, no run 
length outside off, opens the face and punches straight to poi t 
end of over 113 runs  
WI: 60/0CRR: 5.45 • RRR: 5.48 
Evin Lewis32 (35b 4x4 1x6) 
Shai Hope28 (31b 3x4) 
Thisara Perera 2-0-12-0 
Danushka Gunathilaka 1-0-3-0",10.6,0,0.0,"Perera to Lewis, no run  .length outside off, opens the face and punches straight to poi t",Perera,Lewis,0.0,0,0,1,1,0.0,0,,0
"11.1 
1 
Gunathilaka to Hope, 1 run 
darted into the blockhole, on about off stump. Dug out and knocked to long on for a 
single",11.1,1,1.0,"Gunathilaka to Hope, 1 run  .darted into the blockhole, on about off stump. Dug out and knocked to long on for a  .single",Gunathilaka,Hope,1.0,0,0,1,1,1.0,0,,1
"11.2 
1 
Gunathilaka to Lewis, 1 run 
slower through the air this time, but full again. Driven to long off'",11.2,1,1.0,"Gunathilaka to Lewis, 1 run  .slower through the air this time, but full again. Driven to long off'",Gunathilaka,Lewis,1.0,0,0,1,1,1.0,0,,1
"11.3 
1 
Gunathilaka to Hope, 1 run 
flat and fast outside off, punched to long off",11.3,1,1.0,"Gunathilaka to Hope, 1 run  .flat and fast outside off, punched to long off",Gunathilaka,Hope,1.0,0,0,1,1,1.0,0,,1
"11.4 
6 
Gunathilaka to Lewis, SIX runs 
punished! It wasn't that short. But Lewis won't miss. He's back clobbering this high over 
deep square leg for six",11.4,6,6.0,"Gunathilaka to Lewis, SIX runs  .punished! It wasn't that short. But Lewis won't miss. He's back clobbering this high over  .deep square leg for six",Gunathilaka,Lewis,6.0,0,1,1,1,6.0,0,,1
"11.5 
• 
Gunathilaka to Lewis, no run 
darted in outside off, Lewis hits straight to short cover",11.5,0,0.0,"Gunathilaka to Lewis, no run  .darted in outside off, Lewis hits straight to short cover",Gunathilaka,Lewis,0.0,0,0,1,1,0.0,0,,0
"11.6 
1 
Gunathilaka to Lewis, 1 run 
flat and fast outside off again. Fended straight of point to get a single 
end of over 1210 runs  
WI: 70/0CRR: 5.83 • RRR: 5.36 
Evin Lewis40 (39b 4x4 2x6) 
Shai Hope30 (33b 3x4) 
Danushka Gunathilaka 2-0-13-0 
Thisara Perera 2-0-12-0",11.6,1,1.0,"Gunathilaka to Lewis, 1 run  .flat and fast outside off again. Fended straight of point to get a single",Gunathilaka,Lewis,1.0,0,0,1,1,1.0,0,,1
"12.1 
1 
Perera to Lewis, 1 run 
length ball outside off, pushed wide of mid off and they sprint through. Shy at the 
stumps but Lewis was home by m metres",12.1,1,1.0,"Perera to Lewis, 1 run  .length ball outside off, pushed wide of mid off and they sprint through. Shy at the  .stumps but Lewis was home by m metres",Perera,Lewis,1.0,0,0,1,1,1.0,0,,1
"12.2 
• 
Perera to Hope, no run 
fullish outside off, turned to leg, but straight to midwicket",12.2,0,0.0,"Perera to Hope, no run  .fullish outside off, turned to leg, but straight to midwicket",Perera,Hope,0.0,0,0,1,1,0.0,0,,0
"12.3 
1 
Perera to Hope, 1 run 
fullish outside off, drilled to sweeper cover for a single",12.3,1,1.0,"Perera to Hope, 1 run  .fullish outside off, drilled to sweeper cover for a single",Perera,Hope,1.0,0,0,1,1,1.0,0,,1
"12.4 
1 
Perera to Lewis, 1 run 
back of a length on off stump. Lewis gets back and punches this confidently to sweeper 
cover",12.4,1,1.0,"Perera to Lewis, 1 run  .back of a length on off stump. Lewis gets back and punches this confidently to sweeper  .cover",Perera,Lewis,1.0,0,0,1,1,1.0,0,,1
"12.5 
1 
Perera to Hope, 1 run 
length outside off, chopped square of the pitch on off for a single",12.5,1,1.0,"Perera to Hope, 1 run  .length outside off, chopped square of the pitch on off for a single",Perera,Hope,1.0,0,0,1,1,1.0,0,,1
"12.6 
4 
Perera to Lewis, FOUR runs 
length ball on the pads, clipped beautifully behind square on the legside, all the way for 
four as it goes straight of square leg 
end of over 138 runs  
WI: 78/0CRR: 6.00 • RRR: 5.29 
Evin Lewis46 (42b 5x4 2x6) 
Shai Hope32 (36b 3x4) 
Thisara Perera 3-0-20-0 
Danushka Gunathilaka 2-0-13-0",12.6,4,4.0,"Perera to Lewis, FOUR runs  .length ball on the pads, clipped beautifully behind square on the legside, all the way for  .four as it goes straight of square leg",Perera,Lewis,4.0,1,0,1,1,4.0,0,,1
"13.1 
1 
Gunathilaka to Hope, 1 run 
full, pitching outside off , driven to long off",13.1,1,1.0,"Gunathilaka to Hope, 1 run  .full, pitching outside off , driven to long off",Gunathilaka,Hope,1.0,0,0,1,1,1.0,0,,1
"13.2 
• 
Gunathilaka to Lewis, no run 
length ball darted in on the stumps, defended to off",13.2,0,0.0,"Gunathilaka to Lewis, no run  .length ball darted in on the stumps, defended to off",Gunathilaka,Lewis,0.0,0,0,1,1,0.0,0,,0
"13.3 
1 
Gunathilaka to Lewis, 1 run 
tossed up wide of off, hit square on off side for one",13.3,1,1.0,"Gunathilaka to Lewis, 1 run  .tossed up wide of off, hit square on off side for one",Gunathilaka,Lewis,1.0,0,0,1,1,1.0,0,,1
"13.4 
1 
Gunathilaka to Hope, 1 run 
tossed up slowly, hit past short midwicket, who gets a hand to it, but can't prevent one",13.4,1,1.0,"Gunathilaka to Hope, 1 run  .tossed up slowly, hit past short midwicket, who gets a hand to it, but can't prevent one",Gunathilaka,Hope,1.0,0,0,1,1,1.0,0,,1
"13.5 
1 
Gunathilaka to Lewis, 1 run 
length outside off, poked into the offside infield for one",13.5,1,1.0,"Gunathilaka to Lewis, 1 run  .length outside off, poked into the offside infield for one",Gunathilaka,Lewis,1.0,0,0,1,1,1.0,0,,1
"13.6 
• 
Gunathilaka to Hope, no run 
clipped straight to short midwicket 
end of over 144 runs  
WI: 82/0CRR: 5.85 • RRR: 5.33 
Shai Hope34 (39b 3x4) 
Evin Lewis48 (45b 5x4 2x6) 
Danushka Gunathilaka 3-0-17-0 
Thisara Perera 3-0-20-0 
Wanindu Hasranga is in",13.6,0,0.0,"Gunathilaka to Hope, no run  .clipped straight to short midwicket",Gunathilaka,Hope,0.0,0,0,1,1,0.0,0,,0
"14.1 
• 
Hasaranga to Lewis, no run 
legbreak pitching on off and straightening to start. Kept out to cover",14.1,0,0.0,"Hasaranga to Lewis, no run  .legbreak pitching on off and straightening to start. Kept out to cover",Hasaranga,Lewis,0.0,0,0,1,1,0.0,0,,0
"14.2 
• 
Hasaranga to Lewis, no run 
tossed up on the stumps again, defended this time",14.2,0,0.0,"Hasaranga to Lewis, no run  .tossed up on the stumps again, defended this time",Hasaranga,Lewis,0.0,0,0,1,1,0.0,0,,0
"14.3 
• 
Hasaranga to Lewis, no run 
sider, pitching on off and moving in with the arm. Punched to mid off",14.3,0,0.0,"Hasaranga to Lewis, no run  .sider, pitching on off and moving in with the arm. Punched to mid off",Hasaranga,Lewis,0.0,0,0,1,1,0.0,0,,0
"14.4 
1 
Hasaranga to Lewis, 1 run 
legbreak pitching on middle, which Lewis hits down to long on",14.4,1,1.0,"Hasaranga to Lewis, 1 run  .legbreak pitching on middle, which Lewis hits down to long on",Hasaranga,Lewis,1.0,0,0,1,1,1.0,0,,1
"14.5 
2 
Hasaranga to Hope, 2 runs 
fullish on off stump. Hope runs down the track and turns it in front of square for a well-
weighetd two",14.5,2,2.0,"Hasaranga to Hope, 2 runs  .fullish on off stump. Hope runs down the track and turns it in front of square for a well- .weighetd two",Hasaranga,Hope,2.0,0,0,1,1,2.0,0,,1
"14.6 
1 
Hasaranga to Hope, 1 run 
fired into the pads, clipped straight of midwicket 
Drinks are being had 
end of over 154 runs  
WI: 86/0CRR: 5.73 • RRR: 5.37 
Shai Hope37 (41b 3x4) 
Evin Lewis49 (49b 5x4 2x6) 
Wanindu Hasaranga 1-0-4-0 
Danushka Gunathilaka 3-0-17-0 
Lakshan Sandakan, left-arm wristspin, is in.",14.6,1,1.0,"Hasaranga to Hope, 1 run  .fired into the pads, clipped straight of midwicket  .Drinks are being had",Hasaranga,Hope,1.0,0,0,1,1,1.0,0,,1
"15.1 
1 
Sandakan to Hope, 1 run 
floated up outside off stump first up. driven by hope to long off",15.1,1,1.0,"Sandakan to Hope, 1 run  .floated up outside off stump first up. driven by hope to long off",Sandakan,Hope,1.0,0,0,1,1,1.0,0,,1
"15.2 
• 
Sandakan to Lewis, no run 
stock ball, floated up wide of off and turning away. Lewis leaves it",15.2,0,0.0,"Sandakan to Lewis, no run  .stock ball, floated up wide of off and turning away. Lewis leaves it",Sandakan,Lewis,0.0,0,0,1,1,0.0,0,,0
"15.3 
• 
Sandakan to Lewis, no run 
tossed up outside off stump again, pushed to short cover",15.3,0,0.0,"Sandakan to Lewis, no run  .tossed up outside off stump again, pushed to short cover",Sandakan,Lewis,0.0,0,0,1,1,0.0,0,,0
"15.4 
1 
Sandakan to Lewis, 1 run 
fifty for Lewis. Mature knock to follow his 65 in the first game. This is tossed up and 
pushed to sweeper cover",15.4,1,1.0,"Sandakan to Lewis, 1 run  .fifty for Lewis. Mature knock to follow his 65 in the first game. This is tossed up and  .pushed to sweeper cover",Sandakan,Lewis,1.0,0,0,1,1,1.0,0,,1
"15.5 
• 
Sandakan to Hope, no run 
floated up on the pads, turned staight to squar leg",15.5,0,0.0,"Sandakan to Hope, no run  .floated up on the pads, turned staight to squar leg",Sandakan,Hope,0.0,0,0,1,1,0.0,0,,0
"15.6 
• 
Sandakan to Hope, no run 
flatter ball, gets back in the crease and blocks it 
end of over 162 runs  
WI: 88/0CRR: 5.50 • RRR: 5.47 
Shai Hope38 (44b 3x4) 
Evin Lewis50 (52b 5x4 2x6) 
Lakshan Sandakan 1-0-2-0 
Wanindu Hasaranga 1-0-4-0",15.6,0,0.0,"Sandakan to Hope, no run  .flatter ball, gets back in the crease and blocks it",Sandakan,Hope,0.0,0,0,1,1,0.0,0,,0
"16.1 
6 
Hasaranga to Lewis, SIX runs 
bang. This is fullish outside off from Wanindu. Lewis reahes out and bashes it aerially 
through mid on for fou",16.1,6,6.0,"Hasaranga to Lewis, SIX runs  .bang. This is fullish outside off from Wanindu. Lewis reahes out and bashes it aerially  .through mid on for fou",Hasaranga,Lewis,6.0,0,1,1,1,6.0,0,,1
"16.2 
1 
Hasaranga to Lewis, 1 run 
tossed up wide of off, driven to long off",16.2,1,1.0,"Hasaranga to Lewis, 1 run  .tossed up wide of off, driven to long off",Hasaranga,Lewis,1.0,0,0,1,1,1.0,0,,1
"16.3 
• 
Hasaranga to Hope, no run 
pushed through quicker, pitching on off and straightening, played back to the bowler",16.3,0,0.0,"Hasaranga to Hope, no run  .pushed through quicker, pitching on off and straightening, played back to the bowler",Hasaranga,Hope,0.0,0,0,1,1,0.0,0,,0
"16.4 
1 
Hasaranga to Hope, 1 run 
another legbreak, pitching on a length on the stumps, hit wide enough of mid on for a 
single",16.4,1,1.0,"Hasaranga to Hope, 1 run  .another legbreak, pitching on a length on the stumps, hit wide enough of mid on for a  .single",Hasaranga,Hope,1.0,0,0,1,1,1.0,0,,1
"16.5 
• 
Hasaranga to Lewis, no run 
tossed up legbreak on off stump, defended on the front foot",16.5,0,0.0,"Hasaranga to Lewis, no run  .tossed up legbreak on off stump, defended on the front foot",Hasaranga,Lewis,0.0,0,0,1,1,0.0,0,,0
"16.6 
1 
Hasaranga to Lewis, 1 run 
shuffles down the pitch and hits it straiight to long off 
end of over 179 runs  
WI: 97/0CRR: 5.70 • RRR: 5.36 
Evin Lewis58 (56b 5x4 3x6) 
Shai Hope39 (46b 3x4) 
Wanindu Hasaranga 2-0-13-0 
Lakshan Sandakan 1-0-2-0",16.6,1,1.0,"Hasaranga to Lewis, 1 run  .shuffles down the pitch and hits it straiight to long off",Hasaranga,Lewis,1.0,0,0,1,1,1.0,0,,1
"17.1 
1 
Sandakan to Lewis, 1 run",17.1,1,1.0,"Sandakan to Lewis, 1 run",Sandakan,Lewis,1.0,0,0,1,1,1.0,0,,1
"17.2 
• 
Sandakan to Hope, no run 
shuffles down to this ball, but hits straight to short midwicket",17.2,0,0.0,"Sandakan to Hope, no run  .shuffles down to this ball, but hits straight to short midwicket",Sandakan,Hope,0.0,0,0,1,1,0.0,0,,0
"17.3 
• 
Sandakan to Hope, no run 
dropped. Sandakan shells a chance that he should maybe have taken. Hope hits this 
back to him at head height, but jiving to his left, Sandakan can't hold on",17.3,0,0.0,"Sandakan to Hope, no run  .dropped. Sandakan shells a chance that he should maybe have taken. Hope hits this  .back to him at head height, but jiving to his left, Sandakan can't hold on",Sandakan,Hope,0.0,0,0,1,1,0.0,0,,0
"17.4 
1 
Sandakan to Hope, 1 run 
full delivery, hit to long off",17.4,1,1.0,"Sandakan to Hope, 1 run  .full delivery, hit to long off",Sandakan,Hope,1.0,0,0,1,1,1.0,0,,1
"17.5 
1 
Sandakan to Lewis, 1 run 
tossed up on the stumps, drilled down the ground to complete 100 runs for West Indies 
and this partnership",17.5,1,1.0,"Sandakan to Lewis, 1 run  .tossed up on the stumps, drilled down the ground to complete 100 runs for West Indies  .and this partnership",Sandakan,Lewis,1.0,0,0,1,1,1.0,0,,1
"17.6 
• 
Sandakan to Hope, no run 
fullish outside off, can't bat the field 
end of over 183 runs  
WI: 100/0CRR: 5.55 • RRR: 5.43 
Shai Hope40 (50b 3x4) 
Evin Lewis60 (58b 5x4 3x6) 
Lakshan Sandakan 2-0-5-0 
Wanindu Hasaranga 2-0-13-0",17.6,0,0.0,"Sandakan to Hope, no run  .fullish outside off, can't bat the field",Sandakan,Hope,0.0,0,0,1,1,0.0,0,,0
"18.1 
• 
Hasaranga to Lewis, no run 
flat on the stumps, hit back to the bowler",18.1,0,0.0,"Hasaranga to Lewis, no run  .flat on the stumps, hit back to the bowler",Hasaranga,Lewis,0.0,0,0,1,1,0.0,0,,0
"18.2 
• 
Hasaranga to Lewis, no run 
fired in, and hit to short midwicket",18.2,0,0.0,"Hasaranga to Lewis, no run  .fired in, and hit to short midwicket",Hasaranga,Lewis,0.0,0,0,1,1,0.0,0,,0
"18.3 
• 
Hasaranga to Lewis, no run 
hit back down the pitch again, pushed through the air by Hasaranga",18.3,0,0.0,"Hasaranga to Lewis, no run  .hit back down the pitch again, pushed through the air by Hasaranga",Hasaranga,Lewis,0.0,0,0,1,1,0.0,0,,0
"18.4 
• 
Hasaranga to Lewis, no run",18.4,0,0.0,"Hasaranga to Lewis, no run",Hasaranga,Lewis,0.0,0,0,1,1,0.0,0,,0
"18.5 
1 
Hasaranga to Lewis, 1 run 
fullish ball, hit down to long off",18.5,1,1.0,"Hasaranga to Lewis, 1 run  .fullish ball, hit down to long off",Hasaranga,Lewis,1.0,0,0,1,1,1.0,0,,1
"18.6 
1 
Hasaranga to Hope, 1 run 
another single to long on 
end of over 192 runs  
WI: 102/0CRR: 5.36 • RRR: 5.54 
Shai Hope41 (51b 3x4) 
Evin Lewis61 (63b 5x4 3x6) 
Wanindu Hasaranga 3-0-15-0 
Lakshan Sandakan 2-0-5-0",18.6,1,1.0,"Hasaranga to Hope, 1 run  .another single to long on",Hasaranga,Hope,1.0,0,0,1,1,1.0,0,,1
"19.1 
1 
Sandakan to Hope, 1 run 
on the back foot, pumped through long-on",19.1,1,1.0,"Sandakan to Hope, 1 run  .on the back foot, pumped through long-on",Sandakan,Hope,1.0,0,0,1,1,1.0,0,,1
"19.2 
• 
Sandakan to Lewis, no run 
wide googly, that turned and bounced,. Lewis looked to leave originally and then poked 
at it and missed",19.2,0,0.0,"Sandakan to Lewis, no run  .wide googly, that turned and bounced,. Lewis looked to leave originally and then poked  .at it and missed",Sandakan,Lewis,0.0,0,0,1,1,0.0,0,,0
"19.3 
• 
Sandakan to Lewis, no run 
flatter through the air, defended to leg",19.3,0,0.0,"Sandakan to Lewis, no run  .flatter through the air, defended to leg",Sandakan,Lewis,0.0,0,0,1,1,0.0,0,,0
"19.4 
• 
Sandakan to Lewis, no run 
pushed through the air again, pitching outside off, played to cover",19.4,0,0.0,"Sandakan to Lewis, no run  .pushed through the air again, pitching outside off, played to cover",Sandakan,Lewis,0.0,0,0,1,1,0.0,0,,0
"19.5 
1 
Sandakan to Lewis, 1 run 
tossed up on the toes, driven down to long on",19.5,1,1.0,"Sandakan to Lewis, 1 run  .tossed up on the toes, driven down to long on",Sandakan,Lewis,1.0,0,0,1,1,1.0,0,,1
"19.6 
1 
Sandakan to Hope, 1 run 
Hope is down the pitch here, lifting this fullish Sandakan ball over the bowler's head for 
a single 
end of over 203 runs  
WI: 105/0CRR: 5.25 • RRR: 5.63 
Shai Hope43 (53b 3x4) 
Evin Lewis62 (67b 5x4 3x6) 
Lakshan Sandakan 3-0-8-0 
Wanindu Hasaranga 3-0-15-0",19.6,1,1.0,"Sandakan to Hope, 1 run  .Hope is down the pitch here, lifting this fullish Sandakan ball over the bowler's head for  .a single",Sandakan,Hope,1.0,0,0,1,1,1.0,0,,1
"20.1 
1 
Hasaranga to Hope, 1 run 
tossed up on the stumps, driven to long off for one",20.1,1,1.0,"Hasaranga to Hope, 1 run  .tossed up on the stumps, driven to long off for one",Hasaranga,Hope,1.0,0,0,1,1,1.0,0,,1
"20.2 
• 
Hasaranga to Lewis, no run 
floated up to the toes almost, on the stumps. Drilled straight to short cover",20.2,0,0.0,"Hasaranga to Lewis, no run  .floated up to the toes almost, on the stumps. Drilled straight to short cover",Hasaranga,Lewis,0.0,0,0,1,1,0.0,0,,0
"20.3 
1 
Hasaranga to Lewis, 1 run 
tossed up wider of the stumps. Lewis is shuffling down the track to drive it to long off",20.3,1,1.0,"Hasaranga to Lewis, 1 run  .tossed up wider of the stumps. Lewis is shuffling down the track to drive it to long off",Hasaranga,Lewis,1.0,0,0,1,1,1.0,0,,1
"20.4 
• 
Hasaranga to Hope, no run 
legbreak, but legside-ish, which Hope tries to turn around the corner and finds short fine 
leg",20.4,0,0.0,"Hasaranga to Hope, no run  .legbreak, but legside-ish, which Hope tries to turn around the corner and finds short fine  .leg",Hasaranga,Hope,0.0,0,0,1,1,0.0,0,,0
"20.5 
• 
Hasaranga to Hope, no run 
legbreak tossed up, hit to midwicket",20.5,0,0.0,"Hasaranga to Hope, no run  .legbreak tossed up, hit to midwicket",Hasaranga,Hope,0.0,0,0,1,1,0.0,0,,0
"20.6 
1 
Hasaranga to Hope, 1 run 
tossed up even more aggressively. Almost a yorker. Driven through mid on for one 
end of over 213 runs  
WI: 108/0CRR: 5.14 • RRR: 5.72 
Shai Hope45 (57b 3x4) 
Evin Lewis63 (69b 5x4 3x6) 
Wanindu Hasaranga 4-0-18-0 
Lakshan Sandakan 3-0-8-0",20.6,1,1.0,"Hasaranga to Hope, 1 run  .tossed up even more aggressively. Almost a yorker. Driven through mid on for one",Hasaranga,Hope,1.0,0,0,1,1,1.0,0,,1
"21.1 
1 
Sandakan to Hope, 1 run 
tossed up outside off. Hope gets back and drives it through the covers for a single",21.1,1,1.0,"Sandakan to Hope, 1 run  .tossed up outside off. Hope gets back and drives it through the covers for a single",Sandakan,Hope,1.0,0,0,1,1,1.0,0,,1
"21.2 
1 
Sandakan to Lewis, 1 run 
tossed up wide of off, played wide enough of cover to get a single",21.2,1,1.0,"Sandakan to Lewis, 1 run  .tossed up wide of off, played wide enough of cover to get a single",Sandakan,Lewis,1.0,0,0,1,1,1.0,0,,1
"21.3 
1 
Sandakan to Hope, 1 run 
pushed through the air, Hope comes down and tries to whack it down the ground, but 
doesn't get hold of it and becomes a run-of-the-mill single to long off instead",21.3,1,1.0,"Sandakan to Hope, 1 run  .pushed through the air, Hope comes down and tries to whack it down the ground, but  .doesn't get hold of it and becomes a run-of-the-mill single to long off instead",Sandakan,Hope,1.0,0,0,1,1,1.0,0,,1
"21.4 
6 
Sandakan to Lewis, SIX runs 
Sandakan drops marginally short and Lewis is there to pounce? Rocks back and swings 
this over deep midwicket for six",21.4,6,6.0,"Sandakan to Lewis, SIX runs  .Sandakan drops marginally short and Lewis is there to pounce? Rocks back and swings  .this over deep midwicket for six",Sandakan,Lewis,6.0,0,1,1,1,6.0,0,,1
"21.5 
• 
Sandakan to Lewis, no run 
pushed through quick, the shot has the ball dribble off to the offside.",21.5,0,0.0,"Sandakan to Lewis, no run  .pushed through quick, the shot has the ball dribble off to the offside.",Sandakan,Lewis,0.0,0,0,1,1,0.0,0,,0
"21.6 
• 
Sandakan to Lewis, no run 
defended back down the pitch 
end of over 229 runs  
WI: 117/0CRR: 5.31 • RRR: 5.60 
Evin Lewis70 (73b 5x4 4x6) 
Shai Hope47 (59b 3x4) 
Lakshan Sandakan 4-0-17-0 
Wanindu Hasaranga 4-0-18-0",21.6,0,0.0,"Sandakan to Lewis, no run  .defended back down the pitch",Sandakan,Lewis,0.0,0,0,1,1,0.0,0,,0
"22.1 
• 
Hasaranga to Hope, no run 
fullish ball, wide of off stump, carved away to deep backward point for one",22.1,0,0.0,"Hasaranga to Hope, no run  .fullish ball, wide of off stump, carved away to deep backward point for one",Hasaranga,Hope,0.0,0,0,1,1,0.0,0,,0
"22.2 
1 
Hasaranga to Hope, 1 run 
tossed up wide of off stump. and Lewis has drilled that hard and placed it beautiffull. It 
beats cover, and there's no fielder who can stop that. Perfectly executed",22.2,1,1.0,"Hasaranga to Hope, 1 run  .tossed up wide of off stump. and Lewis has drilled that hard and placed it beautiffull. It  .beats cover, and there's no fielder who can stop that. Perfectly executed",Hasaranga,Hope,1.0,0,0,1,1,1.0,0,,1
"22.3 
4 
Hasaranga to Lewis, FOUR runs",22.3,4,4.0,"Hasaranga to Lewis, FOUR runs",Hasaranga,Lewis,4.0,1,0,1,1,4.0,0,,1
"22.4 
1 
Hasaranga to Lewis, 1 run 
floated up on off, Lewis blocks it out and turns the strike ovr",22.4,1,1.0,"Hasaranga to Lewis, 1 run  .floated up on off, Lewis blocks it out and turns the strike ovr",Hasaranga,Lewis,1.0,0,0,1,1,1.0,0,,1
"22.5 
1 
Hasaranga to Hope, 1 run 
tossed up on the stumps, driven to long off",22.5,1,1.0,"Hasaranga to Hope, 1 run  .tossed up on the stumps, driven to long off",Hasaranga,Hope,1.0,0,0,1,1,1.0,0,,1
"22.6 
• 
Hasaranga to Lewis, no run 
flatter slider wide of leg stump. Swatted straight to short fine leg 
end of over 237 runs  
WI: 124/0CRR: 5.39 • RRR: 5.55 
Evin Lewis75 (76b 6x4 4x6) 
Shai Hope49 (62b 3x4) 
Wanindu Hasaranga 5-0-25-0 
Lakshan Sandakan 4-0-17-0",22.6,0,0.0,"Hasaranga to Lewis, no run  .flatter slider wide of leg stump. Swatted straight to short fine leg",Hasaranga,Lewis,0.0,0,0,1,1,0.0,0,,0
"23.1 
1 
Sandakan to Hope, 1 run 
googly, pitching into off. Hope goes back and works this square on he legside as Hope 
completes another impressive fifty",23.1,1,1.0,"Sandakan to Hope, 1 run  .googly, pitching into off. Hope goes back and works this square on he legside as Hope  .completes another impressive fifty",Sandakan,Hope,1.0,0,0,1,1,1.0,0,,1
"23.2 
• 
Sandakan to Lewis, no run 
fullish outside off, cant' beat cover",23.2,0,0.0,"Sandakan to Lewis, no run  .fullish outside off, cant' beat cover",Sandakan,Lewis,0.0,0,0,1,1,0.0,0,,0
"23.3 
• 
Sandakan to Lewis, no run 
floated up outisde off again, and cut straight to point",23.3,0,0.0,"Sandakan to Lewis, no run  .floated up outisde off again, and cut straight to point",Sandakan,Lewis,0.0,0,0,1,1,0.0,0,,0
"23.4 
• 
Sandakan to Lewis, no run 
tossed up, can't pierce the infield",23.4,0,0.0,"Sandakan to Lewis, no run  .tossed up, can't pierce the infield",Sandakan,Lewis,0.0,0,0,1,1,0.0,0,,0
"23.5 
• 
Sandakan to Lewis, no run 
floated up on the stumps agin, hit straight to mid on",23.5,0,0.0,"Sandakan to Lewis, no run  .floated up on the stumps agin, hit straight to mid on",Sandakan,Lewis,0.0,0,0,1,1,0.0,0,,0
"23.6 
• 
Sandakan to Lewis, no run 
floated up wide of off stump. This is left alone 
end of over 241 run  
WI: 125/0CRR: 5.20 • RRR: 5.73 
Evin Lewis75 (81b 6x4 4x6) 
Shai Hope50 (63b 3x4) 
Lakshan Sandakan 5-0-18-0 
Wanindu Hasaranga 5-0-25-0 
Thisara Perera is back",23.6,0,0.0,"Sandakan to Lewis, no run  .floated up wide of off stump. This is left alone",Sandakan,Lewis,0.0,0,0,1,1,0.0,0,,0
"24.1 
1 
Perera to Hope, 1 run 
length ball outside off, driven down to long on",24.1,1,1.0,"Perera to Hope, 1 run  .length ball outside off, driven down to long on",Perera,Hope,1.0,0,0,1,1,1.0,0,,1
"24.2 
• 
Perera to Lewis, no run 
this is slightly wider, lenght outside off. Cut powerfully to backward point",24.2,0,0.0,"Perera to Lewis, no run  .this is slightly wider, lenght outside off. Cut powerfully to backward point",Perera,Lewis,0.0,0,0,1,1,0.0,0,,0
"24.3 
1 
Perera to Lewis, 1 run 
length ball just wide of off, Lewis punches that ball to the sweeper cover nicely",24.3,1,1.0,"Perera to Lewis, 1 run  .length ball just wide of off, Lewis punches that ball to the sweeper cover nicely",Perera,Lewis,1.0,0,0,1,1,1.0,0,,1
"24.4 
• 
Perera to Hope, no run 
kept very low. This is just wide of off, and although Hope is batting well, had no chance 
of closing his line and batting slowly",24.4,0,0.0,"Perera to Hope, no run  .kept very low. This is just wide of off, and although Hope is batting well, had no chance  .of closing his line and batting slowly",Perera,Hope,0.0,0,0,1,1,0.0,0,,0
"24.5 
1 
Perera to Hope, 1 run",24.5,1,1.0,"Perera to Hope, 1 run",Perera,Hope,1.0,0,0,1,1,1.0,0,,1
"24.6 
• 
Perera to Lewis, no run 
length ball outside off. There's an edge there! But alas, it lands short of Chandimal at 
slip. 
end of over 253 runs  
WI: 128/0CRR: 5.12 • RRR: 5.84 
Evin Lewis76 (84b 6x4 4x6) 
Shai Hope52 (66b 3x4) 
Thisara Perera 4-0-23-0 
Lakshan Sandakan 5-0-18-0",24.6,0,0.0,"Perera to Lewis, no run  .length ball outside off. There's an edge there! But alas, it lands short of Chandimal at  .slip.",Perera,Lewis,0.0,0,0,1,1,0.0,0,,0
"25.1 
4 
Sandakan to Hope, FOUR runs 
tossed up on the stumps, but Hope is down the track lofting this over the bowler for 
four. He's in ridiculous form",25.1,4,4.0,"Sandakan to Hope, FOUR runs  .tossed up on the stumps, but Hope is down the track lofting this over the bowler for  .four. He's in ridiculous form",Sandakan,Hope,4.0,1,0,1,1,4.0,0,,1
"25.2 
• 
Sandakan to Hope, no run 
flatter into the pads, dropped into the legside",25.2,0,0.0,"Sandakan to Hope, no run  .flatter into the pads, dropped into the legside",Sandakan,Hope,0.0,0,0,1,1,0.0,0,,0
"25.3 
4 
Sandakan to Hope, FOUR runs 
down the pitch again. Hope is getting to the ptch of this and hitting it cleanly over the 
bowler's head for another four",25.3,4,4.0,"Sandakan to Hope, FOUR runs  .down the pitch again. Hope is getting to the ptch of this and hitting it cleanly over the  .bowler's head for another four",Sandakan,Hope,4.0,1,0,1,1,4.0,0,,1
"25.4 
1 
Sandakan to Hope, 1 run 
floated up outside off, driven to long off",25.4,1,1.0,"Sandakan to Hope, 1 run  .floated up outside off, driven to long off",Sandakan,Hope,1.0,0,0,1,1,1.0,0,,1
"25.5 
• 
Sandakan to Lewis, no run 
fired in, length ball. Batsman goes back and punches to cover",25.5,0,0.0,"Sandakan to Lewis, no run  .fired in, length ball. Batsman goes back and punches to cover",Sandakan,Lewis,0.0,0,0,1,1,0.0,0,,0
"25.6 
• 
Sandakan to Lewis, no run 
floated up, hit straight to cover 
end of over 269 runs  
WI: 137/0CRR: 5.26 • RRR: 5.70 
Evin Lewis76 (86b 6x4 4x6) 
Shai Hope61 (70b 5x4) 
Lakshan Sandakan 6-0-27-0 
Thisara Perera 4-0-23-0",25.6,0,0.0,"Sandakan to Lewis, no run  .floated up, hit straight to cover",Sandakan,Lewis,0.0,0,0,1,1,0.0,0,,0
"26.1 
1 
Perera to Hope, 1 run 
cracked into the leg side",26.1,1,1.0,"Perera to Hope, 1 run  .cracked into the leg side",Perera,Hope,1.0,0,0,1,1,1.0,0,,1
"26.2 
4 
Perera to Lewis, FOUR runs 
flipped off the legs, high over backward square! Stunning pick-up, a slower ball, picked 
like a ripe mango",26.2,4,4.0,"Perera to Lewis, FOUR runs  .flipped off the legs, high over backward square! Stunning pick-up, a slower ball, picked  .like a ripe mango",Perera,Lewis,4.0,1,0,1,1,4.0,0,,1
"26.3 
1 
Perera to Lewis, 1 run 
standing tall on the back foot, a high elbow back through the line of the ball to long-off",26.3,1,1.0,"Perera to Lewis, 1 run  .standing tall on the back foot, a high elbow back through the line of the ball to long-off",Perera,Lewis,1.0,0,0,1,1,1.0,0,,1
"26.4 
4lb 
Perera to Hope, 4 leg byes 
cutter, jags back and flicks the pad, eludes the keeper for more rampant runs! It's a 
record stand now",26.4,4lb,4.0,"Perera to Hope, 4 leg byes  .cutter, jags back and flicks the pad, eludes the keeper for more rampant runs! It's a  .record stand now",Perera,Hope,0.0,0,0,1,1,0.0,0,,0
"26.5 
2 
Perera to Hope, 2 runs 
clipped off the toes to deep midwicket, runs are flowing here",26.5,2,2.0,"Perera to Hope, 2 runs  .clipped off the toes to deep midwicket, runs are flowing here",Perera,Hope,2.0,0,0,1,1,2.0,0,,1
"26.6 
1 
Perera to Hope, 1 run 
back and across and pushed to long-on to bring up the 150 
end of over 2713 runs  
WI: 150/0CRR: 5.55 • RRR: 5.39 
Shai Hope65 (74b 5x4) 
Evin Lewis81 (88b 7x4 4x6) 
Thisara Perera 5-0-32-0 
Lakshan Sandakan 6-0-27-0",26.6,1,1.0,"Perera to Hope, 1 run  .back and across and pushed to long-on to bring up the 150",Perera,Hope,1.0,0,0,1,1,1.0,0,,1
"27.1 
1 
Sandakan to Hope, 1 run 
drilled along the deck to deep cover, West Indies are on cruise control",27.1,1,1.0,"Sandakan to Hope, 1 run  .drilled along the deck to deep cover, West Indies are on cruise control",Sandakan,Hope,1.0,0,0,1,1,1.0,0,,1
"27.2 
• 
Sandakan to Lewis, no run 
swatted into the off side",27.2,0,0.0,"Sandakan to Lewis, no run  .swatted into the off side",Sandakan,Lewis,0.0,0,0,1,1,0.0,0,,0
"27.3 
• 
Sandakan to Lewis, no run 
driven with bottom hand into the covers",27.3,0,0.0,"Sandakan to Lewis, no run  .driven with bottom hand into the covers",Sandakan,Lewis,0.0,0,0,1,1,0.0,0,,0
"27.4 
• 
Sandakan to Lewis, no run 
worked to mid-on for another single",27.4,0,0.0,"Sandakan to Lewis, no run  .worked to mid-on for another single",Sandakan,Lewis,0.0,0,0,1,1,0.0,0,,0
"27.5 
1 
Sandakan to Lewis, 1 run",27.5,1,1.0,"Sandakan to Lewis, 1 run",Sandakan,Lewis,1.0,0,0,1,1,1.0,0,,1
"27.6 
1 
Sandakan to Hope, 1 run 
clipped to midwicket, this is all very peaceful 
Riad: ""Both spinner is bowling at same line and length so far.so predictable .in T20 this 
can work for score pressure.in ODI it can be done by single only"" 
end of over 283 runs  
WI: 153/0CRR: 5.46 • RRR: 5.50 
Shai Hope67 (76b 5x4) 
Evin Lewis82 (92b 7x4 4x6) 
Lakshan Sandakan 7-0-30-0 
Thisara Perera 5-0-32-0",27.6,1,1.0,"Sandakan to Hope, 1 run  .clipped to midwicket, this is all very peaceful",Sandakan,Hope,1.0,0,0,1,1,1.0,0,,1
"28.1 
• 
Hasaranga to Hope, no run 
tight twirling line, on middle and off, and defended",28.1,0,0.0,"Hasaranga to Hope, no run  .tight twirling line, on middle and off, and defended",Hasaranga,Hope,0.0,0,0,1,1,0.0,0,,0
"28.2 
1 
Hasaranga to Hope, 1 run 
up on the toes, tight line once more, patted back to the bowler",28.2,1,1.0,"Hasaranga to Hope, 1 run  .up on the toes, tight line once more, patted back to the bowler",Hasaranga,Hope,1.0,0,0,1,1,1.0,0,,1
"28.3 
1 
Hasaranga to Lewis, 1 run 
chopped firmly into the covers off the back foot, a ricochet off short cover gifts the run",28.3,1,1.0,"Hasaranga to Lewis, 1 run  .chopped firmly into the covers off the back foot, a ricochet off short cover gifts the run",Hasaranga,Lewis,1.0,0,0,1,1,1.0,0,,1
"28.4 
• 
Hasaranga to Hope, no run 
high elbowed punch back down the ground",28.4,0,0.0,"Hasaranga to Hope, no run  .high elbowed punch back down the ground",Hasaranga,Hope,0.0,0,0,1,1,0.0,0,,0
"28.5 
• 
Hasaranga to Hope, no run 
whipped to the on-side from a full length",28.5,0,0.0,"Hasaranga to Hope, no run  .whipped to the on-side from a full length",Hasaranga,Hope,0.0,0,0,1,1,0.0,0,,0
"28.6 
• 
Hasaranga to Hope, no run 
outside off, and an open-faced prod to point 
Ibrahim: ""I know you might have answered this question before but What does LWS 
mean as of Sandakan's bowling style.?"" Left-arm wristspin. We've updated our 
previously outdated description of such a style! 
end of over 292 runs  
WI: 155/0CRR: 5.34 • RRR: 5.66 
Shai Hope68 (81b 5x4) 
Evin Lewis83 (93b 7x4 4x6) 
Wanindu Hasaranga 6-0-27-0 
Lakshan Sandakan 7-0-30-0 
Dushmantha is in da house",28.6,0,0.0,"Hasaranga to Hope, no run  .outside off, and an open-faced prod to point",Hasaranga,Hope,0.0,0,0,1,1,0.0,0,,0
"29.1 
• 
Chameera to Lewis, no run 
punched back off a good length 
Rovaid Khan: ""Babar or Hope ?"" Sound like a question from the original Babar the 
Elephant book, when the hunter shot his mum. A real tear-jerker, I tell you",29.1,0,0.0,"Chameera to Lewis, no run  .punched back off a good length",Chameera,Lewis,0.0,0,0,1,1,0.0,0,,0
"29.2 
1 
Chameera to Lewis, 1 run 
behind the line once more to defend, nutmegs the bowler and they steal the single",29.2,1,1.0,"Chameera to Lewis, 1 run  .behind the line once more to defend, nutmegs the bowler and they steal the single",Chameera,Lewis,1.0,0,0,1,1,1.0,0,,1
"29.3 
• 
Chameera to Hope, no run 
thrashed from just back of a length to point 
Rushi: ""Do we see the rise of Sehwag and Sachin for West Indies in the form of Evin 
Lewis and Shai Hope? "" Crumbs. Steady on!",29.3,0,0.0,"Chameera to Hope, no run  .thrashed from just back of a length to point",Chameera,Hope,0.0,0,0,1,1,0.0,0,,0
"29.4 
• 
Chameera to Hope, no run 
jags back and raps the pad, adjacent to the stumps. Too high",29.4,0,0.0,"Chameera to Hope, no run  .jags back and raps the pad, adjacent to the stumps. Too high",Chameera,Hope,0.0,0,0,1,1,0.0,0,,0
"29.5 
1 
Chameera to Hope, 1 run 
clipped to the leg side with a shuffle across the crease",29.5,1,1.0,"Chameera to Hope, 1 run  .clipped to the leg side with a shuffle across the crease",Chameera,Hope,1.0,0,0,1,1,1.0,0,,1
"29.6 
• 
Chameera to Lewis, no run 
on the back foot, poked to the off side 
Aslam Pervaz: ""Steady win the race"" Ain't that the truth 
end of over 302 runs  
WI: 157/0CRR: 5.23 • RRR: 5.85 
Evin Lewis84 (96b 7x4 4x6) 
Shai Hope69 (84b 5x4) 
Dushmantha Chameera 5-0-33-0 
Wanindu Hasaranga 6-0-27-0",29.6,0,0.0,"Chameera to Lewis, no run  .on the back foot, poked to the off side",Chameera,Lewis,0.0,0,0,1,1,0.0,0,,0
"30.1 
1 
Hasaranga to Hope, 1 run 
firm-patted prod to mid-on 
Muhammad Abbas : ""Playing against this lankan team is like freebies... its no big feat... 
they have gone so downhill it doesn't seems like any way up in a near future... 
Afghanistan, Zimbabwe or Ireland might give tougher contest..."" Steady on! It's the 
motto of the evening, clearly...",30.1,1,1.0,"Hasaranga to Hope, 1 run  .firm-patted prod to mid-on",Hasaranga,Hope,1.0,0,0,1,1,1.0,0,,1
"30.2 
1 
Hasaranga to Lewis, 1 run 
nurdled to the leg side",30.2,1,1.0,"Hasaranga to Lewis, 1 run  .nurdled to the leg side",Hasaranga,Lewis,1.0,0,0,1,1,1.0,0,,1
"30.3 
1 
Hasaranga to Hope, 1 run 
back and across, flicked to square leg, Lewis hurtles for the single and off come the 
bails. This might be tight... nope, safe enough",30.3,1,1.0,"Hasaranga to Hope, 1 run  .back and across, flicked to square leg, Lewis hurtles for the single and off come the  .bails. This might be tight... nope, safe enough",Hasaranga,Hope,1.0,0,0,1,1,1.0,0,,1
"30.4 
1 
Hasaranga to Lewis, 1 run 
swept round the corner, a dive to gather on the 45 
Rovaid Khan: ""@Rushi, how about Gilchrist and Hayden ?"" Steady on!",30.4,1,1.0,"Hasaranga to Lewis, 1 run  .swept round the corner, a dive to gather on the 45",Hasaranga,Lewis,1.0,0,0,1,1,1.0,0,,1
"30.5 
• 
Hasaranga to Hope, no run 
pressing onto the front foot to work back to the bowler",30.5,0,0.0,"Hasaranga to Hope, no run  .pressing onto the front foot to work back to the bowler",Hasaranga,Hope,0.0,0,0,1,1,0.0,0,,0
"30.6 
• 
Hasaranga to Hope, no run 
cracked from just back of a length, into the off side 
It's pretty much a run-a-ball now. 
end of over 314 runs  
WI: 161/0CRR: 5.19 • RRR: 5.94 
Shai Hope71 (88b 5x4) 
Evin Lewis86 (98b 7x4 4x6) 
Wanindu Hasaranga 7-0-31-0 
Dushmantha Chameera 5-0-33-0",30.6,0,0.0,"Hasaranga to Hope, no run  .cracked from just back of a length, into the off side  .It's pretty much a run-a-ball now.",Hasaranga,Hope,0.0,0,0,1,1,0.0,0,,0
"31.1 
• 
Chameera to Lewis, no run 
whipped off the pads with a piroutte for good measure, but can't beat short backward 
square",31.1,0,0.0,"Chameera to Lewis, no run  .whipped off the pads with a piroutte for good measure, but can't beat short backward  .square",Chameera,Lewis,0.0,0,0,1,1,0.0,0,,0
"31.2 
1nb 
Chameera to Lewis, (no ball) 
attempted pick-up off the pads, hitting with the angle from round the wicket, but can't 
connect 
Rohan: ""Really nice to see Evin Lewis settle down and score some runs. Good patience 
by him to build his innings!"" Still time for a monster here",31.2,1nb,1.0,"Chameera to Lewis, (no ball)  .attempted pick-up off the pads, hitting with the angle from round the wicket, but can't  .connect",Chameera,Lewis,0.0,0,0,1,0,1.0,0,,1
"31.2 
• 
Chameera to Lewis, no run 
battered off a full length, straight at midwicket 
Masood: ""I am so glad to see that Windies performing good at international level. Have 
so much talent in terms of cricket in this nation. Message from Pakistan: fan of windies 
cricket """,31.2,0,0.0,"Chameera to Lewis, no run  .battered off a full length, straight at midwicket",Chameera,Lewis,0.0,0,0,1,1,0.0,0,,0
"31.3 
4 
Chameera to Lewis, FOUR runs 
crashed through the covers! That breaks the deadlock. Overpitched on off stump, and 
bissects extra cover and mid-off. Into the 90s",31.3,4,4.0,"Chameera to Lewis, FOUR runs  .crashed through the covers! That breaks the deadlock. Overpitched on off stump, and  .bissects extra cover and mid-off. Into the 90s",Chameera,Lewis,4.0,1,0,1,1,4.0,0,,1
"31.4 
1 
Chameera to Lewis, 1 run 
poked down into the leg side for the single",31.4,1,1.0,"Chameera to Lewis, 1 run  .poked down into the leg side for the single",Chameera,Lewis,1.0,0,0,1,1,1.0,0,,1
"31.5 
• 
Chameera to Hope, no run 
pushed back and across and poked into the covers",31.5,0,0.0,"Chameera to Hope, no run  .pushed back and across and poked into the covers",Chameera,Hope,0.0,0,0,1,1,0.0,0,,0
"31.6 
• 
Chameera to Hope, no run 
flicked off the pads to mid-on, half a threat of a shy at the stumps 
Gouresh Phadke: ""One is an exquisite six hitter, other has tighter technique... It has to be 
Ganguly-Tendulkar..."" Steady on! I think it must be drinks. I'll have a G&T, cheers! 
end of over 326 runs  
WI: 167/0CRR: 5.21 • RRR: 5.94 
Shai Hope71 (90b 5x4) 
Evin Lewis91 (103b 8x4 4x6) 
Dushmantha Chameera 6-0-39-0 
Wanindu Hasaranga 7-0-31-0",31.6,0,0.0,"Chameera to Hope, no run  .flicked off the pads to mid-on, half a threat of a shy at the stumps",Chameera,Hope,0.0,0,0,1,1,0.0,0,,0
"32.1 
• 
Pradeep to Lewis, no run 
punched into the off side",32.1,0,0.0,"Pradeep to Lewis, no run  .punched into the off side",Pradeep,Lewis,0.0,0,0,1,1,0.0,0,,0
"32.2 
1 
Pradeep to Lewis, 1 run 
on the pads, clipped to the on-side 
Peanut: ""At least nobody has made the Amla Smith comparison"" ... actually, now you 
mention it...",32.2,1,1.0,"Pradeep to Lewis, 1 run  .on the pads, clipped to the on-side",Pradeep,Lewis,1.0,0,0,1,1,1.0,0,,1
"32.3 
1 
Pradeep to Hope, 1 run 
on the legs, worked to the on-side",32.3,1,1.0,"Pradeep to Hope, 1 run  .on the legs, worked to the on-side",Pradeep,Hope,1.0,0,0,1,1,1.0,0,,1
"32.4 
1 
Pradeep to Lewis, 1 run 
punched with lots of bottom hand back past the bowler",32.4,1,1.0,"Pradeep to Lewis, 1 run  .punched with lots of bottom hand back past the bowler",Pradeep,Lewis,1.0,0,0,1,1,1.0,0,,1
"32.5 
• 
Pradeep to Hope, no run 
full length, outside off, clobbered to short cover with a flurry of bat",32.5,0,0.0,"Pradeep to Hope, no run  .full length, outside off, clobbered to short cover with a flurry of bat",Pradeep,Hope,0.0,0,0,1,1,0.0,0,,0
"32.6 
1 
Pradeep to Hope, 1 run 
chipped off the toes, out to the leg side. West Indies chip away with all the time in the 
world 
Abdul: ""No collapse yet? What is going on? What kind of West Indies team is this"" 
end of over 334 runs  
WI: 171/0CRR: 5.18 • RRR: 6.05 
Shai Hope73 (93b 5x4) 
Evin Lewis93 (106b 8x4 4x6) 
Nuwan Pradeep 5-0-18-0 
Dushmantha Chameera 6-0-39-0",32.6,1,1.0,"Pradeep to Hope, 1 run  .chipped off the toes, out to the leg side. West Indies chip away with all the time in the  .world",Pradeep,Hope,1.0,0,0,1,1,1.0,0,,1
"33.1 
• 
Chameera to Hope, no run 
clobbered to cover",33.1,0,0.0,"Chameera to Hope, no run  .clobbered to cover",Chameera,Hope,0.0,0,0,1,1,0.0,0,,0
"33.2 
• 
Chameera to Hope, no run 
closing the face and nurdled to the on-side",33.2,0,0.0,"Chameera to Hope, no run  .closing the face and nurdled to the on-side",Chameera,Hope,0.0,0,0,1,1,0.0,0,,0
"33.3 
• 
Chameera to Hope, no run 
pumped to cover 
Amit: ""Evin Lewis has got 37 runs out of 94 non boundary balls. Hopefully someone 
points that to him. Will make him and even better player.""",33.3,0,0.0,"Chameera to Hope, no run  .pumped to cover",Chameera,Hope,0.0,0,0,1,1,0.0,0,,0
"33.4 
1 
Chameera to Hope, 1 run 
back of a length, dabbed down to third man with the toe of the bat",33.4,1,1.0,"Chameera to Hope, 1 run  .back of a length, dabbed down to third man with the toe of the bat",Chameera,Hope,1.0,0,0,1,1,1.0,0,,1
"33.5 
2 
Chameera to Lewis, 2 runs 
round the wicket, angling into the left-hander, excellent running for the clip to short 
square leg 
Burhan: ""Loot sale of comments, Is there some kind of Party going on?? :D"" There's 
always a party in Antigua. It may not be the ARG, but Chicky's Disco lives on",33.5,2,2.0,"Chameera to Lewis, 2 runs  .round the wicket, angling into the left-hander, excellent running for the clip to short  .square leg",Chameera,Lewis,2.0,0,0,1,1,2.0,0,,1
"33.6 
2 
Chameera to Lewis, 2 runs 
chiselled off the pads once again, out to deep midwicket. Lewis eases along to 97 
end of over 345 runs  
WI: 176/0CRR: 5.17 • RRR: 6.12 
Evin Lewis97 (108b 8x4 4x6) 
Shai Hope74 (97b 5x4) 
Dushmantha Chameera 7-0-44-0 
Nuwan Pradeep 5-0-18-0",33.6,2,2.0,"Chameera to Lewis, 2 runs  .chiselled off the pads once again, out to deep midwicket. Lewis eases along to 97",Chameera,Lewis,2.0,0,0,1,1,2.0,0,,1
"34.1 
4 
Pradeep to Hope, FOUR runs 
banged in short, cramped for room under the ribs, but gets his pull away behind square, 
and that races to the rope",34.1,4,4.0,"Pradeep to Hope, FOUR runs  .banged in short, cramped for room under the ribs, but gets his pull away behind square,  .and that races to the rope",Pradeep,Hope,4.0,1,0,1,1,4.0,0,,1
"34.2 
• 
Pradeep to Hope, no run 
blotted out to point, right under the eyeline 
Tawhid Rehan : ""Despite all the topics, the asking rates are climbing! A Ton is not much 
needed than a victory with 90 Score""",34.2,0,0.0,"Pradeep to Hope, no run  .blotted out to point, right under the eyeline",Pradeep,Hope,0.0,0,0,1,1,0.0,0,,0
"34.3 
1 
Pradeep to Hope, 1 run 
flipped through mid-on for another easy single 
Andrew : ""Amit we've been trying to tell every WI batter that for about 30 years now!!!""",34.3,1,1.0,"Pradeep to Hope, 1 run  .flipped through mid-on for another easy single",Pradeep,Hope,1.0,0,0,1,1,1.0,0,,1
"34.4 
• 
Pradeep to Lewis, no run 
chipped to mid-on, off the back foot",34.4,0,0.0,"Pradeep to Lewis, no run  .chipped to mid-on, off the back foot",Pradeep,Lewis,0.0,0,0,1,1,0.0,0,,0
"34.5 
1lb 
Pradeep to Lewis, 1 leg bye 
a cramped pull, under the arm-pit, drops at Lewis' feet and they steal the leg bye",34.5,1lb,1.0,"Pradeep to Lewis, 1 leg bye  .a cramped pull, under the arm-pit, drops at Lewis' feet and they steal the leg bye",Pradeep,Lewis,0.0,0,0,1,1,0.0,0,,0
"34.6 
2 
Pradeep to Hope, 2 runs 
banged in short, and a flinched pull to the leg side 
Burhan: ""Play ""You are simply the best"" for yourself from me Chicky's number "" Mrs M 
currently has a play-list of ""90s bangers"" belting out of her solo party in the kitchen. 
Made of that what you will. And no, Lance Klusener is not one of them 
end of over 358 runs  
WI: 184/0CRR: 5.25 • RRR: 6.00 
Shai Hope81 (101b 6x4) 
Evin Lewis97 (110b 8x4 4x6) 
Nuwan Pradeep 6-0-25-0 
Dushmantha Chameera 7-0-44-0",34.6,2,2.0,"Pradeep to Hope, 2 runs  .banged in short, and a flinched pull to the leg side",Pradeep,Hope,2.0,0,0,1,1,2.0,0,,1
"35.1 
• 
Sandakan to Lewis, no run 
line and length from the outset",35.1,0,0.0,"Sandakan to Lewis, no run  .line and length from the outset",Sandakan,Lewis,0.0,0,0,1,1,0.0,0,,0
"35.2 
• 
Sandakan to Lewis, no run 
punched off the back foot to cover 
Cloud: ""Asking rate may be climbing but by modern standards it is very much 
achievable. Considering the power hitting in West Indies' team that's yet to come, I 
reckon this chase has been perfectly paced.""",35.2,0,0.0,"Sandakan to Lewis, no run  .punched off the back foot to cover",Sandakan,Lewis,0.0,0,0,1,1,0.0,0,,0
"35.3 
1 
Sandakan to Lewis, 1 run 
crunched into the covers, half-stopped as they steal another single 
Wildprairyrose: ""Philo Wallace and Clayton Lambert is the perfect synonym for these 
two."" That's more like it",35.3,1,1.0,"Sandakan to Lewis, 1 run  .crunched into the covers, half-stopped as they steal another single",Sandakan,Lewis,1.0,0,0,1,1,1.0,0,,1
"35.4 
1 
Sandakan to Hope, 1 run 
bottom-handed boshing to deep midwicket",35.4,1,1.0,"Sandakan to Hope, 1 run  .bottom-handed boshing to deep midwicket",Sandakan,Hope,1.0,0,0,1,1,1.0,0,,1
"35.5 
• 
Sandakan to Lewis, no run 
leaning forward, and poked to cover",35.5,0,0.0,"Sandakan to Lewis, no run  .leaning forward, and poked to cover",Sandakan,Lewis,0.0,0,0,1,1,0.0,0,,0
"35.6 
1 
Sandakan to Lewis, 1 run 
a punch to mid-off, and Lewis is on 99 
end of over 363 runs  
WI: 187/0CRR: 5.19 • RRR: 6.21 
Evin Lewis99 (115b 8x4 4x6) 
Shai Hope82 (102b 6x4) 
Lakshan Sandakan 8-0-33-0 
Nuwan Pradeep 6-0-25-0",35.6,1,1.0,"Sandakan to Lewis, 1 run  .a punch to mid-off, and Lewis is on 99",Sandakan,Lewis,1.0,0,0,1,1,1.0,0,,1
"36.1 
2 
Pradeep to Lewis, 2 runs 
clipped off the legs, and Lewis eases to his fourth ODI hundred! Utterly untroubled, a 
cruise from start to not-even-finish. He's got a chance to make this a daddy yet!",36.1,2,2.0,"Pradeep to Lewis, 2 runs  .clipped off the legs, and Lewis eases to his fourth ODI hundred! Utterly untroubled, a  .cruise from start to not-even-finish. He's got a chance to make this a daddy yet!",Pradeep,Lewis,2.0,0,0,1,1,2.0,0,,1
"36.2 
1 
Pradeep to Lewis, 1 run 
up on the toes, dabbed back to the bowler",36.2,1,1.0,"Pradeep to Lewis, 1 run  .up on the toes, dabbed back to the bowler",Pradeep,Lewis,1.0,0,0,1,1,1.0,0,,1
"36.3 
• 
Pradeep to Hope, no run",36.3,0,0.0,"Pradeep to Hope, no run",Pradeep,Hope,0.0,0,0,1,1,0.0,0,,0
"36.4 
1 
Pradeep to Hope, 1 run 
pulled behind square to backward square",36.4,1,1.0,"Pradeep to Hope, 1 run  .pulled behind square to backward square",Pradeep,Hope,1.0,0,0,1,1,1.0,0,,1
"36.5 
• 
Pradeep to Lewis, no run 
clears the front foot and battered into the covers",36.5,0,0.0,"Pradeep to Lewis, no run  .clears the front foot and battered into the covers",Pradeep,Lewis,0.0,0,0,1,1,0.0,0,,0
"36.6 
1 
Pradeep to Lewis, 1 run 
opens the face to dab to backward point 
Dave: ""Yikes, if Hope makes 100 today it will be his 11th, tie-ing Richards and Greenidge. 
Only Haynes, Lara and Gayle have more. These are big names.."" Wow. That is not 
insignificant 
end of over 375 runs  
WI: 192/0CRR: 5.18 • RRR: 6.30 
Evin Lewis103 (119b 8x4 4x6) 
Shai Hope83 (104b 6x4) 
Nuwan Pradeep 7-0-30-0 
Lakshan Sandakan 8-0-33-0",36.6,1,1.0,"Pradeep to Lewis, 1 run  .opens the face to dab to backward point",Pradeep,Lewis,1.0,0,0,1,1,1.0,0,,1
"37.1 
• 
Sandakan to Lewis, no run 
chopped off the back foot to point",37.1,0,0.0,"Sandakan to Lewis, no run  .chopped off the back foot to point",Sandakan,Lewis,0.0,0,0,1,1,0.0,0,,0
"37.2 
W 
Sandakan to Lewis, OUT 
down the track and missed by a mile! The end of a tremendous innings, his eyes got a 
bit big on that occasion, turn past the outside edge and off come the bails 
Evin Lewis st †Chandimal b Sandakan 103 (121b 8x4 4x6 171m) SR: 85.12",37.2,W,0.0,"Sandakan to Lewis, OUT  .down the track and missed by a mile! The end of a tremendous innings, his eyes got a  .bit big on that occasion, turn past the outside edge and off come the bails  .Evin Lewis st †Chandimal b Sandakan 103 (121b 8x4 4x6 171m) SR: 85.12",Sandakan,Lewis,0.0,0,0,1,1,0.0,1,st †Chandimal b Sandakan,0
"37.3 
• 
Sandakan to Pooran, no run 
whipped around the front foot to the leg side",37.3,0,0.0,"Sandakan to Pooran, no run  .whipped around the front foot to the leg side",Sandakan,Pooran,0.0,0,0,1,1,0.0,0,,0
"37.4 
• 
Sandakan to Pooran, no run 
tight line, solid defence, back down the track",37.4,0,0.0,"Sandakan to Pooran, no run  .tight line, solid defence, back down the track",Sandakan,Pooran,0.0,0,0,1,1,0.0,0,,0
"37.5 
• 
Sandakan to Pooran, no run 
wide outside off stump, attempted cut but misses everything. Half an appeal",37.5,0,0.0,"Sandakan to Pooran, no run  .wide outside off stump, attempted cut but misses everything. Half an appeal",Sandakan,Pooran,0.0,0,0,1,1,0.0,0,,0
"37.6 
• 
Sandakan to Pooran, no run 
full face of the bat, head over the ball to block 
Tawhid Rehan : ""The reason behind my asking rate tension is,here 2:30 am in Dhaka, 
and as a WI Fan, i can't close my eyes, despite having threats from wife besides me. I 
had a Morning Office though. "" 
end of over 38Wicket maiden 
WI: 192/1CRR: 5.05 • RRR: 6.83 
Nicholas Pooran0 (4b) 
Shai Hope83 (104b 6x4) 
Lakshan Sandakan 9-1-33-1 
Nuwan Pradeep 7-0-30-0",37.6,0,0.0,"Sandakan to Pooran, no run  .full face of the bat, head over the ball to block",Sandakan,Pooran,0.0,0,0,1,1,0.0,0,,0
"38.1 
1 
Perera to Hope, 1 run 
on the front foot, and punched back down the line 
Sriram: ""This score card looks like 2011 World Cup final except for the number of 
wickets. Well played WI!"" Minor detail!",38.1,1,1.0,"Perera to Hope, 1 run  .on the front foot, and punched back down the line",Perera,Hope,1.0,0,0,1,1,1.0,0,,1
"38.2 
1 
Perera to Pooran, 1 run 
on the pads, and tucked to the on-side 
Nick: ""I can sense the strangest of defeat for West Indies. 192/1, and crumbling before 
reaching 274""",38.2,1,1.0,"Perera to Pooran, 1 run  .on the pads, and tucked to the on-side",Perera,Pooran,1.0,0,0,1,1,1.0,0,,1
"38.3 
• 
Perera to Hope, no run 
punched firmly into the off side",38.3,0,0.0,"Perera to Hope, no run  .punched firmly into the off side",Perera,Hope,0.0,0,0,1,1,0.0,0,,0
"38.4 
• 
Perera to Hope, no run 
outside off, back of a length, cut to the off side",38.4,0,0.0,"Perera to Hope, no run  .outside off, back of a length, cut to the off side",Perera,Hope,0.0,0,0,1,1,0.0,0,,0
"38.5 
W 
Perera to Hope, OUT 
flogged ambitiously on the up, into the covers, and there's a juggle but Hope has holed 
out! Well now, that hasn't entirely changed the picture, but there are two new men at the 
crease! 
Shai Hope c Pradeep b Perera 84 (108b 6x4 0x6 179m) SR: 77.77",38.5,W,0.0,"Perera to Hope, OUT  .flogged ambitiously on the up, into the covers, and there's a juggle but Hope has holed  .out! Well now, that hasn't entirely changed the picture, but there are two new men at the  .crease!  .Shai Hope c Pradeep b Perera 84 (108b 6x4 0x6 179m) SR: 77.77",Perera,Hope,0.0,0,0,1,1,0.0,1,c Pradeep b Perera,0
"38.6 
1 
Perera to Pooran, 1 run 
full length, pressed calmly to mid-on 
Nick P: ""As I was typing a comment Shai goes.Might be a blessing though now that the 
RRR is above 7."" 
end of over 393 runs • 1 wicket 
WI: 195/2CRR: 5.00 • RRR: 7.18 
Nicholas Pooran2 (6b) 
Darren Bravo0 (0b) 
Thisara Perera 6-0-35-1 
Lakshan Sandakan 9-1-33-1",38.6,1,1.0,"Perera to Pooran, 1 run  .full length, pressed calmly to mid-on",Perera,Pooran,1.0,0,0,1,1,1.0,0,,1
"39.1 
1 
Sandakan to Pooran, 1 run 
on the back foot, cracked around the corner to long-on",39.1,1,1.0,"Sandakan to Pooran, 1 run  .on the back foot, cracked around the corner to long-on",Sandakan,Pooran,1.0,0,0,1,1,1.0,0,,1
"39.2 
1 
Sandakan to Darren Bravo, 1 run 
nurdled off the pads to square leg",39.2,1,1.0,"Sandakan to Darren Bravo, 1 run  .nurdled off the pads to square leg",Sandakan,Darren Bravo,1.0,0,0,1,1,1.0,0,,1
"39.3 
• 
Sandakan to Pooran, no run 
battered off the back foot to midwicket 
shami: ""smelling a collapse here""",39.3,0,0.0,"Sandakan to Pooran, no run  .battered off the back foot to midwicket",Sandakan,Pooran,0.0,0,0,1,1,0.0,0,,0
"39.4 
1 
Sandakan to Pooran, 1 run 
right up to the toes, worked to the on-side",39.4,1,1.0,"Sandakan to Pooran, 1 run  .right up to the toes, worked to the on-side",Sandakan,Pooran,1.0,0,0,1,1,1.0,0,,1
"39.5 
• 
Sandakan to Darren Bravo, no run 
on the back foot, poked back to the bowler",39.5,0,0.0,"Sandakan to Darren Bravo, no run  .on the back foot, poked back to the bowler",Sandakan,Darren Bravo,0.0,0,0,1,1,0.0,0,,0
"39.6 
• 
Sandakan to Darren Bravo, no run 
low full-toss, and battered back to the bowler 
end of over 403 runs  
WI: 198/2CRR: 4.95 • RRR: 7.60 
Darren Bravo1 (3b) 
Nicholas Pooran4 (9b) 
Lakshan Sandakan 10-1-36-1 
Thisara Perera 6-0-35-1",39.6,0,0.0,"Sandakan to Darren Bravo, no run  .low full-toss, and battered back to the bowler",Sandakan,Darren Bravo,0.0,0,0,1,1,0.0,0,,0
"40.1 
1 
Hasaranga to Pooran, 1 run 
back of a length, and flapped through the leg side",40.1,1,1.0,"Hasaranga to Pooran, 1 run  .back of a length, and flapped through the leg side",Hasaranga,Pooran,1.0,0,0,1,1,1.0,0,,1
"40.2 
1 
Hasaranga to Darren Bravo, 1 run 
back of a length again, and wafted to deep midwicket 
Nick P: ""Been supporting the Windies since I was four and losing here would be 
absolutely peak Windies to snatch defeat from the jaws of victory.""",40.2,1,1.0,"Hasaranga to Darren Bravo, 1 run  .back of a length again, and wafted to deep midwicket",Hasaranga,Darren Bravo,1.0,0,0,1,1,1.0,0,,1
"40.3 
1 
Hasaranga to Pooran, 1 run 
right back on the stumps, clipped to the on-side",40.3,1,1.0,"Hasaranga to Pooran, 1 run  .right back on the stumps, clipped to the on-side",Hasaranga,Pooran,1.0,0,0,1,1,1.0,0,,1
"40.4 
• 
Hasaranga to Darren Bravo, no run 
crunched off the back foot into the covers",40.4,0,0.0,"Hasaranga to Darren Bravo, no run  .crunched off the back foot into the covers",Hasaranga,Darren Bravo,0.0,0,0,1,1,0.0,0,,0
"40.5 
1 
Hasaranga to Darren Bravo, 1 run 
bottom-handed flog back to the bowler",40.5,1,1.0,"Hasaranga to Darren Bravo, 1 run  .bottom-handed flog back to the bowler",Hasaranga,Darren Bravo,1.0,0,0,1,1,1.0,0,,1
"40.6 
• 
Hasaranga to Pooran, no run 
Lakwin: ""Its a simple formula for SL to win from here. Bring on Wanidu now"" 
end of over 414 runs  
WI: 202/2CRR: 4.92 • RRR: 8.00 
Nicholas Pooran6 (12b) 
Darren Bravo3 (6b) 
Wanindu Hasaranga 8-0-35-0 
Lakshan Sandakan 10-1-36-1",40.6,0,0.0,"Hasaranga to Pooran, no run",Hasaranga,Pooran,0.0,0,0,1,1,0.0,0,,0
"41.1 
• 
Perera to Darren Bravo, no run 
pushed back down the pitch",41.1,0,0.0,"Perera to Darren Bravo, no run  .pushed back down the pitch",Perera,Darren Bravo,0.0,0,0,1,1,0.0,0,,0
"41.2 
6 
Perera to Darren Bravo, SIX runs 
walloped violently into the stands! That's got things lively again",41.2,6,6.0,"Perera to Darren Bravo, SIX runs  .walloped violently into the stands! That's got things lively again",Perera,Darren Bravo,6.0,0,1,1,1,6.0,0,,1
"41.3 
1 
Perera to Darren Bravo, 1 run 
pumped into the covers",41.3,1,1.0,"Perera to Darren Bravo, 1 run  .pumped into the covers",Perera,Darren Bravo,1.0,0,0,1,1,1.0,0,,1
"41.4 
2 
Perera to Pooran, 2 runs 
low full-toss and chipped to the on-side 
Paul Persaud: ""Watching from Queens NY. Beautiful day here, but a better one in the 
Caribbean. Run rate is increasing. Two more quick wickets and game on. """,41.4,2,2.0,"Perera to Pooran, 2 runs  .low full-toss and chipped to the on-side",Perera,Pooran,2.0,0,0,1,1,2.0,0,,1
"41.5 
1 
Perera to Pooran, 1 run 
low full-toss and whipped to midwicket",41.5,1,1.0,"Perera to Pooran, 1 run  .low full-toss and whipped to midwicket",Perera,Pooran,1.0,0,0,1,1,1.0,0,,1
"41.6 
W 
Perera to Darren Bravo, OUT 
pinged off the pads, high to deep midwicket, and another one goes! Now then, this is 
just starting to get interesting for West Indies. Their anchors are gone, it may be about 
the tonkers now... 
Darren Bravo c Bandara b Perera 10 (10b 0x4 1x6 15m) SR: 100 
And here's the tonker-in-chief, Pollard 
end of over 4210 runs • 1 wicket 
WI: 212/3CRR: 5.04 • RRR: 7.75 
Nicholas Pooran9 (14b) 
Thisara Perera 7-0-45-2 
Wanindu Hasaranga 8-0-35-0",41.6,W,0.0,"Perera to Darren Bravo, OUT  .pinged off the pads, high to deep midwicket, and another one goes! Now then, this is  .just starting to get interesting for West Indies. Their anchors are gone, it may be about  .the tonkers now...  .Darren Bravo c Bandara b Perera 10 (10b 0x4 1x6 15m) SR: 100",Perera,Darren Bravo,0.0,0,0,1,1,0.0,1,c Bandara b Perera,0
"42.1 
• 
Hasaranga to Pooran, no run 
tapped back down the pitch 
CHAT: ""@Nick, you must be 27 years old or less. Otherwise, would've known 1996 world 
cup semi final vs AUS."" Oh crikey, it's too late on a Friday to be going there!",42.1,0,0.0,"Hasaranga to Pooran, no run  .tapped back down the pitch",Hasaranga,Pooran,0.0,0,0,1,1,0.0,0,,0
"42.2 
• 
Hasaranga to Pooran, no run 
open-faced glide through point",42.2,0,0.0,"Hasaranga to Pooran, no run  .open-faced glide through point",Hasaranga,Pooran,0.0,0,0,1,1,0.0,0,,0
"42.3 
2 
Hasaranga to Pooran, 2 runs 
pressing forward on the front foot, into the covers",42.3,2,2.0,"Hasaranga to Pooran, 2 runs  .pressing forward on the front foot, into the covers",Hasaranga,Pooran,2.0,0,0,1,1,2.0,0,,1
"42.4 
• 
Hasaranga to Pooran, no run 
back foot drive into the covers",42.4,0,0.0,"Hasaranga to Pooran, no run  .back foot drive into the covers",Hasaranga,Pooran,0.0,0,0,1,1,0.0,0,,0
"42.5 
• 
Hasaranga to Pooran, no run 
patted back to the bowler",42.5,0,0.0,"Hasaranga to Pooran, no run  .patted back to the bowler",Hasaranga,Pooran,0.0,0,0,1,1,0.0,0,,0
"42.6 
• 
Hasaranga to Pooran, no run 
tightening the screw once again 
end of over 432 runs  
WI: 214/3CRR: 4.97 • RRR: 8.57 
Nicholas Pooran11 (20b) 
Kieron Pollard0 (0b) 
Wanindu Hasaranga 9-0-37-0 
Thisara Perera 7-0-45-2",42.6,0,0.0,"Hasaranga to Pooran, no run  .tightening the screw once again",Hasaranga,Pooran,0.0,0,0,1,1,0.0,0,,0
"43.1 
1b 
Chameera to Pollard, 1 bye 
squeezes past the keeper, adjacent to the edge, but kept low, and reached him on the 
bounce. In fact, that has rapped his fingers, and he could be in bother here. Yeah, it 
flicked the back pad, and was right on the tips of Chandimal's right hand as he thrust it 
down. A bit of tape and I think he'll live",43.1,1b,1.0,"Chameera to Pollard, 1 bye  .squeezes past the keeper, adjacent to the edge, but kept low, and reached him on the  .bounce. In fact, that has rapped his fingers, and he could be in bother here. Yeah, it  .flicked the back pad, and was right on the tips of Chandimal's right hand as he thrust it  .down. A bit of tape and I think he'll live",Chameera,Pollard,0.0,0,0,1,1,0.0,0,,1
"43.2 
• 
Chameera to Pooran, no run 
round the wicket, cramped on the pull and struck in the midriff... oof, midriff might be a 
bit of a euphemism there. Thoughts about the lbw, but not a lot of ""L"" involved. Sure 
enough, going over middle, and the review is lost",43.2,0,0.0,"Chameera to Pooran, no run  .round the wicket, cramped on the pull and struck in the midriff... oof, midriff might be a",Chameera,Pooran,0.0,0,0,1,1,0.0,0,,0
"43.3 
1 
Chameera to Pooran, 1 run 
up on the toes, and punched to deep backward point",43.3,1,1.0,"Chameera to Pooran, 1 run  .up on the toes, and punched to deep backward point",Chameera,Pooran,1.0,0,0,1,1,1.0,0,,1
"43.4 
• 
Chameera to Pollard, no run",43.4,0,0.0,"Chameera to Pollard, no run",Chameera,Pollard,0.0,0,0,1,1,0.0,0,,0
"43.5 
1 
Chameera to Pollard, 1 run 
outside off, punched out to deep cover. Still a bit of work to do for Windies here",43.5,1,1.0,"Chameera to Pollard, 1 run  .outside off, punched out to deep cover. Still a bit of work to do for Windies here",Chameera,Pollard,1.0,0,0,1,1,1.0,0,,1
"43.6 
• 
Chameera to Pooran, no run 
round the wicket, poked into the off side 
end of over 443 runs  
WI: 217/3CRR: 4.93 • RRR: 9.50 
Nicholas Pooran12 (23b) 
Kieron Pollard1 (3b) 
Dushmantha Chameera 8-0-46-0 
Wanindu Hasaranga 9-0-37-0",43.6,0,0.0,"Chameera to Pooran, no run  .round the wicket, poked into the off side",Chameera,Pooran,0.0,0,0,1,1,0.0,0,,0
"44.1 
• 
Hasaranga to Pollard, no run",44.1,0,0.0,"Hasaranga to Pollard, no run",Hasaranga,Pollard,0.0,0,0,1,1,0.0,0,,0
"44.2 
4 
Hasaranga to Pollard, FOUR runs 
flogged from just back of a length! A one-bounce four through wide long-on",44.2,4,4.0,"Hasaranga to Pollard, FOUR runs  .flogged from just back of a length! A one-bounce four through wide long-on",Hasaranga,Pollard,4.0,1,0,1,1,4.0,0,,1
"44.3 
6 
Hasaranga to Pollard, SIX runs 
dumped over long-on! Here goes Pollard!",44.3,6,6.0,"Hasaranga to Pollard, SIX runs  .dumped over long-on! Here goes Pollard!",Hasaranga,Pollard,6.0,0,1,1,1,6.0,0,,1
"44.4 
1 
Hasaranga to Pollard, 1 run 
tossed up, to the pads, tucked to the on-side",44.4,1,1.0,"Hasaranga to Pollard, 1 run  .tossed up, to the pads, tucked to the on-side",Hasaranga,Pollard,1.0,0,0,1,1,1.0,0,,1
"44.5 
• 
Hasaranga to Pooran, no run 
right back on the stumps",44.5,0,0.0,"Hasaranga to Pooran, no run  .right back on the stumps",Hasaranga,Pooran,0.0,0,0,1,1,0.0,0,,0
"44.6 
• 
Hasaranga to Pooran, no run 
fenced away, an important over for West Indies 
46 from 30. If this was a T20, it would be fairly standard from here 
end of over 4511 runs  
WI: 228/3CRR: 5.06 • RRR: 9.20 
Nicholas Pooran12 (25b) 
Kieron Pollard12 (7b 1x4 1x6) 
Wanindu Hasaranga 10-0-48-0 
Dushmantha Chameera 8-0-46-0",44.6,0,0.0,"Hasaranga to Pooran, no run  .fenced away, an important over for West Indies  .46 from 30. If this was a T20, it would be fairly standard from here",Hasaranga,Pooran,0.0,0,0,1,1,0.0,0,,0
"45.1 
1w 
Pradeep to Pollard, 1 wide 
fired past the leg stump",45.1,1w,1.0,"Pradeep to Pollard, 1 wide  .fired past the leg stump",Pradeep,Pollard,0.0,0,0,0,0,1.0,0,,1
"45.1 
• 
Pradeep to Pollard, no run 
banged in short, and Pollard ducks",45.1,0,0.0,"Pradeep to Pollard, no run  .banged in short, and Pollard ducks",Pradeep,Pollard,0.0,0,0,1,1,0.0,0,,0
"45.2 
1 
Pradeep to Pollard, 1 run 
drilled from a full length, one-bounce to long-on",45.2,1,1.0,"Pradeep to Pollard, 1 run  .drilled from a full length, one-bounce to long-on",Pradeep,Pollard,1.0,0,0,1,1,1.0,0,,1
"45.3 
1 
Pradeep to Pooran, 1 run 
wdith, walloped, out to deep cover",45.3,1,1.0,"Pradeep to Pooran, 1 run  .wdith, walloped, out to deep cover",Pradeep,Pooran,1.0,0,0,1,1,1.0,0,,1
"45.4 
2 
Pradeep to Pollard, 2 runs 
slower ball, back of a length, clipped to the on-side 
Bajwa: ""Can you explain the difference between last 30 bowls of T20I and ODI"" There 
ought to be no difference with Pollard at the crease",45.4,2,2.0,"Pradeep to Pollard, 2 runs  .slower ball, back of a length, clipped to the on-side",Pradeep,Pollard,2.0,0,0,1,1,2.0,0,,1
"45.5 
W 
Pradeep to Pollard, OUT 
full length, thumped on the pad, and Pollard is not at the crease! Up goes the finger, as 
he wings his bat through the line and gets nailed on the shin for his troubles.... there's 
no inside-edge, and that's nailing leg stump!... there's trouble at t'mill! 
Kieron Pollard lbw b Pradeep 15 (11b 1x4 1x6 21m) SR: 136.36",45.5,W,0.0,"Pradeep to Pollard, OUT  .full length, thumped on the pad, and Pollard is not at the crease! Up goes the finger, as  .he wings his bat through the line and gets nailed on the shin for his troubles.... there's  .no inside-edge, and that's nailing leg stump!... there's trouble at t'mill!  .Kieron Pollard lbw b Pradeep 15 (11b 1x4 1x6 21m) SR: 136.36",Pradeep,Pollard,0.0,0,0,1,1,0.0,1,lbw b Pradeep,0
"45.6 
4 
Pradeep to Allen, FOUR runs 
plinked off the pads and that's a very important boundary! 
end of over 469 runs • 1 wicket 
WI: 237/4CRR: 5.15 • RRR: 9.25 
Fabian Allen4 (1b 1x4) 
Nicholas Pooran13 (26b) 
Nuwan Pradeep 8-0-39-1 
Wanindu Hasaranga 10-0-48-0",45.6,4,4.0,"Pradeep to Allen, FOUR runs  .plinked off the pads and that's a very important boundary!",Pradeep,Allen,4.0,1,0,1,1,4.0,0,,1
"46.1 
1 
Chameera to Pooran, 1 run 
on the pads, and whipped away",46.1,1,1.0,"Chameera to Pooran, 1 run  .on the pads, and whipped away",Chameera,Pooran,1.0,0,0,1,1,1.0,0,,1
"46.2 
2 
Chameera to Allen, 2 runs 
low full toss, outside off, clubbed to the on-side",46.2,2,2.0,"Chameera to Allen, 2 runs  .low full toss, outside off, clubbed to the on-side",Chameera,Allen,2.0,0,0,1,1,2.0,0,,1
"46.3 
2 
Chameera to Allen, 2 runs 
battered on the up into the covers",46.3,2,2.0,"Chameera to Allen, 2 runs  .battered on the up into the covers",Chameera,Allen,2.0,0,0,1,1,2.0,0,,1
"46.4 
• 
Chameera to Allen, no run 
width outside off, and very full length, through to the keeper",46.4,0,0.0,"Chameera to Allen, no run  .width outside off, and very full length, through to the keeper",Chameera,Allen,0.0,0,0,1,1,0.0,0,,0
"46.5 
1 
Chameera to Allen, 1 run 
pinged from a wide line, back over the bowler's head, down to long-on 
Arfaa: ""@Bajwa: Difference - Sri Lanka's two best bowlers will bowl the last 5 overs 
between them. Highly unlikely Pradeep would have 3 overs left in a T20. """,46.5,1,1.0,"Chameera to Allen, 1 run  .pinged from a wide line, back over the bowler's head, down to long-on",Chameera,Allen,1.0,0,0,1,1,1.0,0,,1
"46.6 
• 
Chameera to Pooran, no run 
on the legs, clipped fine, but straight at fine leg 
James : ""Having watched Pooran in the Abu Dhabi T10, this should be gettable. "" Six 
boundaries... four if they clear the ropes... 
end of over 476 runs  
WI: 243/4CRR: 5.17 • RRR: 10.33 
Nicholas Pooran14 (28b) 
Fabian Allen9 (5b 1x4) 
Dushmantha Chameera 9-0-52-0 
Nuwan Pradeep 8-0-39-1",46.6,0,0.0,"Chameera to Pooran, no run  .on the legs, clipped fine, but straight at fine leg",Chameera,Pooran,0.0,0,0,1,1,0.0,0,,0
"47.1 
6 
Pradeep to Allen, SIX runs 
whipped off the legs, high over deep backward square! There's one of them!",47.1,6,6.0,"Pradeep to Allen, SIX runs  .whipped off the legs, high over deep backward square! There's one of them!",Pradeep,Allen,6.0,0,1,1,1,6.0,0,,1
"47.2 
W 
Pradeep to Allen, OUT 
holed out to deep midwicket! Oh my, on the toes again, another pick-up, targetting 
midwicket, but straight down the fielder's throat. It's getting tasty now! 
Fabian Allen c Bandara b Pradeep 15 (7b 1x4 1x6 11m) SR: 214.28",47.2,W,0.0,"Pradeep to Allen, OUT  .holed out to deep midwicket! Oh my, on the toes again, another pick-up, targetting  .midwicket, but straight down the fielder's throat. It's getting tasty now!  .Fabian Allen c Bandara b Pradeep 15 (7b 1x4 1x6 11m) SR: 214.28",Pradeep,Allen,0.0,0,0,1,1,0.0,1,c Bandara b Pradeep,0
"47.3 
• 
Pradeep to Pooran, no run 
right up to the bat, skids through to the keeper",47.3,0,0.0,"Pradeep to Pooran, no run  .right up to the bat, skids through to the keeper",Pradeep,Pooran,0.0,0,0,1,1,0.0,0,,0
"47.4 
1w 
Pradeep to Pooran, 1 wide 
very wide outside off stump, that helps the Windies' faltering cause",47.4,1w,1.0,"Pradeep to Pooran, 1 wide  .very wide outside off stump, that helps the Windies' faltering cause",Pradeep,Pooran,0.0,0,0,0,0,1.0,0,,1
"47.4 
4 
Pradeep to Pooran, FOUR runs 
boshed on the up, over extra cover One bounce, just wide of the fielder. Another 
boundary to the count!",47.4,4,4.0,"Pradeep to Pooran, FOUR runs  .boshed on the up, over extra cover One bounce, just wide of the fielder. Another  .boundary to the count!",Pradeep,Pooran,4.0,1,0,1,1,4.0,0,,1
"47.5 
1w 
Pradeep to Pooran, 1 wide 
wide of off again, it's the right tactic, but the wrong side of the line",47.5,1w,1.0,"Pradeep to Pooran, 1 wide  .wide of off again, it's the right tactic, but the wrong side of the line",Pradeep,Pooran,0.0,0,0,0,0,1.0,0,,1
"47.5 
4 
Pradeep to Pooran, FOUR runs 
full toss, and blazed down the ground! Another one-bounce four kicks into the 
hoardings. It's close to a run a ball now 
Jamie: ""Although, I don't want to say it's entirely due to Pooran missing everything. It's 
been good bowling, to give them credit for it. "" I think his eye is in now",47.5,4,4.0,"Pradeep to Pooran, FOUR runs  .full toss, and blazed down the ground! Another one-bounce four kicks into the  .hoardings. It's close to a run a ball now",Pradeep,Pooran,4.0,1,0,1,1,4.0,0,,1
"47.6 
2 
Pradeep to Pooran, 2 runs 
flapped to deep midwicket and an easy two. That has tilted the scales 
end of over 4818 runs • 1 wicket 
WI: 261/5CRR: 5.43 • RRR: 6.50 
Nicholas Pooran24 (32b 2x4) 
Jason Holder0 (0b) 
Nuwan Pradeep 9-0-57-2 
Dushmantha Chameera 9-0-52-0",47.6,2,2.0,"Pradeep to Pooran, 2 runs  .flapped to deep midwicket and an easy two. That has tilted the scales",Pradeep,Pooran,2.0,0,0,1,1,2.0,0,,1
"48.1 
1 
Chameera to Holder, 1 run 
right up to the blockhole, wide of off stump, fenced out to deep point",48.1,1,1.0,"Chameera to Holder, 1 run  .right up to the blockhole, wide of off stump, fenced out to deep point",Chameera,Holder,1.0,0,0,1,1,1.0,0,,1
"48.2 
1 
Chameera to Pooran, 1 run 
round the wicket, right into the blockhole, dug out to the covers",48.2,1,1.0,"Chameera to Pooran, 1 run  .round the wicket, right into the blockhole, dug out to the covers",Chameera,Pooran,1.0,0,0,1,1,1.0,0,,1
"48.3 
• 
Chameera to Holder, no run 
squeezed out to point, no way through there",48.3,0,0.0,"Chameera to Holder, no run  .squeezed out to point, no way through there",Chameera,Holder,0.0,0,0,1,1,0.0,0,,0
"48.4 
• 
Chameera to Holder, no run 
thrashed off a fat outside edge, but intercepted by the keeper",48.4,0,0.0,"Chameera to Holder, no run  .thrashed off a fat outside edge, but intercepted by the keeper",Chameera,Holder,0.0,0,0,1,1,0.0,0,,0
"48.5 
1 
Chameera to Holder, 1 run 
cracked on the uo to deep point, gathered on the bounce, just the one to the total",48.5,1,1.0,"Chameera to Holder, 1 run  .cracked on the uo to deep point, gathered on the bounce, just the one to the total",Chameera,Holder,1.0,0,0,1,1,1.0,0,,1
"48.6 
1 
Chameera to Pooran, 1 run 
too full and straight, flicked off the toes behind square 
end of over 494 runs  
WI: 265/5CRR: 5.40 • RRR: 9.00 
Nicholas Pooran26 (34b 2x4) 
Jason Holder2 (4b) 
Dushmantha Chameera 10-0-56-0 
Nuwan Pradeep 9-0-57-2 
So, nine off the final over... one boundary, lots of scampering?",48.6,1,1.0,"Chameera to Pooran, 1 run  .too full and straight, flicked off the toes behind square",Chameera,Pooran,1.0,0,0,1,1,1.0,0,,1
"49.1 
• 
Pradeep to Pooran, no run 
a massive wind-up on the launch over long-on, but outside the eyeline. Nearly a wide, 
but a perfect ball in the end",49.1,0,0.0,"Pradeep to Pooran, no run  .a massive wind-up on the launch over long-on, but outside the eyeline. Nearly a wide,  .but a perfect ball in the end",Pradeep,Pooran,0.0,0,0,1,1,0.0,0,,0
"49.2 
4 
Pradeep to Pooran, FOUR runs 
clattered through the covers! That's exquisite, shades of Lara on the power and open-
faced slicing of the drive, filleting the cover sweepers to take the rate to a run a ball",49.2,4,4.0,"Pradeep to Pooran, FOUR runs  .clattered through the covers! That's exquisite, shades of Lara on the power and open- .faced slicing of the drive, filleting the cover sweepers to take the rate to a run a ball",Pradeep,Pooran,4.0,1,0,1,1,4.0,0,,1
"49.3 
4 
Pradeep to Pooran, FOUR runs 
flashed through point, and the scores are level! Mickey Arthur almost punches the wall 
as the wide full toss is drilled through point",49.3,4,4.0,"Pradeep to Pooran, FOUR runs  .flashed through point, and the scores are level! Mickey Arthur almost punches the wall  .as the wide full toss is drilled through point",Pradeep,Pooran,4.0,1,0,1,1,4.0,0,,1
"49.4 
1 
Pradeep to Pooran, 1 run 
Pooran seals the deal! Clipped off the legs, into space, it's a five-wicket win, but more 
palpitations than the scoreline implies! 
Sammy J: ""A most Pyrrhic victory by West Indies, if ever there was as one! Utterly 
unconvincing! "" Well... a decent opening stand, and they held their nerve at the death. 
Can't ask much more than that. 
The player of the match is Evin Lewis: ""I feel very proud. I totally back myself and my 
ability. I looked for a good start in the powerplay and pushed on from there. Playing the 
50-overs last month helped me. My confidence was there, so I tried to execute. This is 
probably one of the best wickets in Antigua. From the next game I will look to carry the 
game deep. 
Dimuth Karunaratne: ""We lost early wickets but the two batsmen who got runs couldn't 
convert it. The spinners are expected to take wickets, but West Indies batted really well. 
We lacked wicket-taking options and that's why we couldn't put pressure on West 
Indies."" 
Kieron Pollard: ""It was a total team performance. Our best chance was chasing so it 
was good to see the boys sticking to the their plans."" 
5.48pm Well, that wasn't quite how the script was written, but West Indies will take it all 
the same. A formidable opening stand of 192 gave way to an anxious mid-innings 
wobble, but West Indies' T20 finishing held firm to carry them to a 2-0 series scoreline. 
Sri Lanka, for their part, put a decent total on the board through Gunathilaka's fine 96, 
Chandimal's anchoring half-century, and some late impetus from Hasaranga. 
Sponsored Headlines 
 
Shane Bond ने कहा िक अगर Jasprit Bumrah को िफर से वहीं चोट लगी तो यह उनके िलए काफ़ी 
ख़तरनाक सािबत हो सकता है | ESPNcricinfoDiscover 
 
IPL 2025 - Kohli's U-19 World Cup team-mate Srivastava returns to IPL as umpire | 
ESPNcricinfoDiscover 
 
Wolf & Shepherd| 
Sponsored by TaboolaSponsored by Taboola 
Shop Now 
Business Sneakers CEOs ACTUALLY Swear By [Shop Now]Read MoreSkip 
 
A heist in Christchurch | ESPNcricinfoDiscover 
 
Josh Cobb retires from professional cricket to take up Warwickshire academy role | 
ESPNcricinfoDiscover 
 
The Most Beautiful Female Stars Over 50Discover the timeless beauty of Hollywood's 
most stunning women over 50Drivepedia| 
SponsoredSponsored 
Undo 
 
What Is Your Writing Missing?Grammarly can tell you. Grammarly's AI improves the 
substance and style of your writing with the type of advice you'd receive from a 
mentor.Grammarly| 
SponsoredSponsored 
Install Now 
Undo 
 
Elevate Your Next Dinner Party with These RecipesCurate a dream menu with recipes 
from: Saratoga® Spring Water. Featuring dishes with diverse flavors and styles, this 
collection is sure to impress your guests with exquisite, clean taste and timeless 
style.Saratoga® Spring Water| 
SponsoredSponsored 
Get Recipe 
Undo 
 
Power Up Your TradingLeverage TradeStation's platform to trade across asset 
classes.TradeStation| 
SponsoredSponsored 
Undo 
 
These Female Athletes Have Model-Worthy LooksBridesBlush| 
SponsoredSponsored 
Undo 
 
Why Most Nitric Oxide Pills Fail After Age 60The secret is in your mouth, not your 
stomach. This breakthrough tablet works in just 20 minutes.AdvancedBionutritionals| 
SponsoredSponsored 
Read More 
Undo 
 
30+ Female Athletes Who Look Like ModelsThese Female Athletes Have Model-Worthy 
LooksBridesBlush| 
SponsoredSponsored 
Undo 
 
AI Bot Flips Wall Street on Its Head: Turns $1K into $50K in Record 30 DaysA new AI 
trading robot reportedly generated a return of $14,158 from a $3,200 investment over 
the course of a week, according to verified trading records and third-party verification by 
MyFxBook.Investing Wisdom| 
SponsoredSponsored 
Read More 
Undo 
 
Stunning Actress Reveals Secret To Her ""Ageless Glow"" At 60 Years OldTerra Marre| 
SponsoredSponsored 
Undo 
 
It's Hard To Believe But Every Guy Had A Crush On Her In The 90sHealth Trition| 
SponsoredSponsored 
Undo 
 
Remodeling Star: Cheapest Way To Get A Walk In Shower In ArizonaHomeowners can 
save thousands on a 1-day bathroom remodel using this one tip.Smart Lifestyle Trends| 
SponsoredSponsored 
Learn More 
Undo 
 
New AI Trading Bot, Designed for Beginners, Turns $1K into $50kDriven by its 
astronomical gains, even beginner investors are rapidly downloading the Galileo FX bot, 
eager to tap into AI's financial potential with its easy-to-use interface.Investing Wisdom| 
SponsoredSponsored 
Read More 
Undo 
Match Coverage 
All Match News 
 
Nicholas Pooran eases jitters after Evin Lewis and Shai 
Hope set up 2-0 series win 
Gunathilaka's 96 in vain as Sri Lanka fight back in defence of 273-run target 
 
 
 
Sri Lanka look to avoid familiar slip-ups with series on the 
line 
West Indies' rare chance to win consecutive ODIs at home - and wrap up the series - 
against a top-10 opposition 
 
 
 
Instant answers to T20 questions 
What is the highest total chased in men's T20 World Cups? 
Most sixes in an innings by a batter in men's T20 World Cups? 
Who has taken the most Powerplay wickets in men's T20 World Cups? 
Ask a question 
West Indies Innings 
Player Name 
R 
B 
E 
Lewis stumped 
103 121 
SD 
Hope 
caught 
84 
108 
N 
Pooran not out 
35 
38 
DM 
Bravo caught 
10 
10 
KA 
Pollard lbw 
15 
11 
FA 
Allen 
caught 
15 
7 
JO 
Holder not out 
2 
4 
Extras (b 1, lb 5, nb 1, w 3) 
Total 274(5 wkts;",49.4,1,1.0,"Pradeep to Pooran, 1 run  .Pooran seals the deal! Clipped off the legs, into space, it's a five-wicket win, but more  .palpitations than the scoreline implies!",Pradeep,Pooran,1.0,0,0,1,1,1.0,0,,1
