over,commentary
42.1,"Prasidh to Tom Curran, out Caught by Bhuvneshwar!! Curran backs away to a full ball just outside off, swings hard and slices it high off the toe-end. Tumbling catch from Bhuvneshwar running in from third man and that is the end of that. Prasidh finishes with four-fer on debut, putting the finishing touches on a collapse he started. Tom Curran c Bhuvneshwar b Prasidh 11(16) [4s-1]"
41.6,"Bhuvneshwar to Tom Curran, 1 run, back of a length delivery around leg, Curran makes room and punches to deep point"
41.5,"Bhuvneshwar to Tom Curran, no run, back of a length delivery, Curran clears the front leg looking to tonk it over midwicket but misses. It bounces over the top of middle stump"
41.4,"Bhuvneshwar to Mark Wood, 1 run, pitched right up looking for the blockhole, Wood squeezes it off a thick inside edge down to fine leg"
41.3,"Bhuvneshwar to Mark Wood, no run, short of length delivery around off, blocked to cover"
41.2,"Bhuvneshwar to Mark Wood, no run, length ball wide of off, left alone"
41.1,"Bhuvneshwar to Tom Curran, 1 run, back of a length delivery around middle, Curran punches through midwicket. Bhuvneshwar has to chase after it himself. The two batsmen think about a second but decide against it"
40.6,"Kuldeep Yadav to Mark Wood, no run, slips in the googly from round the wicket to beat Wood on the outside edge"
40.5,"Kuldeep Yadav to Tom Curran, 1 run, pushed through on middle, back of a length, Curran clips it with the turn through square leg"
40.4,"Kuldeep Yadav to Tom Curran, no run, chopped into the off-side"
40.3,"Kuldeep Yadav to Tom Curran, FOUR, has he got hold of this? Not quite, but he has found the gap. Slogs across the line off a flighted delivery on leg, probably comes close to the bottom of his bat but beats deep midwicket to his left"
40.2,"Kuldeep Yadav to Tom Curran, no run, hammered down to long-on as Kuldeep floats one in the slot. Doesn't take the single"
40.1,"Kuldeep Yadav to Tom Curran, no run, flighted up outside off, Curran slaps it to cover"
39.6,"Bhuvneshwar to Mark Wood, no run, good length ball on middle, defended down the pitch"
39.5,"Bhuvneshwar to Tom Curran, 1 run, short of length delivery just outside off, steered through point"
39.4,"Bhuvneshwar to Mark Wood, 1 run, back of a length delivery just outside off, Wood runs it down to third man"
39.3,"Bhuvneshwar to Mark Wood, no run, good length ball on off, defended forward"
39.2,"Bhuvneshwar to Adil Rashid, out Caught by Rahul!! Lovely line, length and a bit of nip and that's the end of Rashid. Back of a length in the channel just outside off, Rashid's caught in the crease looking to defend. Fences it through. Adil Rashid c Rahul b Bhuvneshwar 0(5)"
39.1,"Bhuvneshwar to Tom Curran, 1 run, back of a length delivery just outside off, Curran gets a thick edge down to third man looking to defend"
38.6,"Krunal Pandya to Adil Rashid, no run, length ball just outside off, defended to point"
38.5,"Krunal Pandya to Adil Rashid, no run, left alone outside off"
38.4,"Krunal Pandya to Adil Rashid, no run, almost chips it back down the pitch. Falls short of Krunal"
38.3,"Krunal Pandya to Adil Rashid, no run, sliding in on middle, Rashid glances to short fine. He looks for a single but is sent back amid a cacophony of noises from the surrounding fielders"
38.2,"Krunal Pandya to Tom Curran, 1 run, pushed down to long-off"
38.1,"Krunal Pandya to Sam Curran, out Caught by (sub)Shubman Gill!! Huge yelp of ""come on"" as Krunal scalps his maiden ODI wicket. Fires this through as he often does, which makes it difficult for Curran who's put the dancing shoes on. Can't quite get to the pitch of it, but still looks to go through with the lofted shot. All he can do is slice it up off the outside half to long-off. Sam Curran c (sub)Shubman Gill b Krunal Pandya 12(20) [4s-1]"
37.6,"Bhuvneshwar to Tom Curran, no run, good length ball on off, defended down the pitch"
37.5,"Bhuvneshwar to Tom Curran, no run, pitched up on off, driven to mid-off"
37.4,"Bhuvneshwar to Sam Curran, 1 run, length ball around off, Curran hangs back and gets it off the inside half of the bat through square leg"
37.3,"Bhuvneshwar to Tom Curran, 1 run, length ball just outside off, Curran tries to defend and gets a thick edge running past slip to third man"
37.2,"Bhuvneshwar to Tom Curran, no run, length ball on middle, Curran hangs back in the crease and defends"
37.1,"Bhuvneshwar to Moeen Ali, out Caught by Rahul!! Nicked and gone! Short of length across off, Ali has a feel for it but it climbs onto him off the deck. Been a feature of this pitch today, how much pace and bounce it's offered. Takes the outside edge close to the bat shoulder and a regulation catch for the keeper. Moeen Ali c Rahul b Bhuvneshwar 30(37) [4s-2 6s-1]"
36.6,"Krunal Pandya to Moeen Ali, 1 run, nudges into the on-side for a quick single"
36.5,"Krunal Pandya to Moeen Ali, no run, length ball just outside off, defended forward"
36.4,"Krunal Pandya to Moeen Ali, FOUR, the length's quite full this time as Krunal fires it in around off, and it lands right in the slot for Ali who drills it down the ground. Beats long-on"
36.3,"Krunal Pandya to Moeen Ali, no run, bit short outside off, Ali looks to cut it hard but chops it off a thick bottom edge into the off-side"
36.2,"Krunal Pandya to Moeen Ali, no run, back of a length outside off, skidding through, Ali defends into the off-side"
36.1,"Krunal Pandya to Sam Curran, 1 run, darted in on off, Curran tucks it with the turn through square leg"
35.6,"Bhuvneshwar to Sam Curran, 1 run, back of a length delivery around middle, Curran knocks it through mid-on"
35.5,"Bhuvneshwar to Sam Curran, no run, back of a length delivery across off, defended to point"
35.4,"Bhuvneshwar to Sam Curran, FOUR, short of length into the body, only as high as the waist and Curran slaps the pull through square leg"
35.3,"Bhuvneshwar to Sam Curran, no run, back of a length delivery on off, blocks it from the crease"
35.2,"Bhuvneshwar to Sam Curran, no run, cuts away from back of a length across off stump, Curran is opened up a bit as he defends into the off-side"
35.1,"Bhuvneshwar to Sam Curran, no run, back of a length around middle and off, Curran blocks from the crease"
34.6,"Prasidh to Sam Curran, 1 run, back of a length on middle and leg, glances down to fine leg"
34.5,"Prasidh to Moeen Ali, 1 run, back of a length around middle, Ali gets it off a thick inside edge through square leg"
34.4,"Prasidh to Moeen Ali, no run, bends underneath the bumper that flies over his right shoulder"
34.3,"Prasidh to Sam Curran, 1 run, clipped off the hip through square leg"
34.2,"Prasidh to Sam Curran, no run, half-volley at the stumps, driven crisply down the pitch by Curran but Prasidh sticks his boot out to cut it off"
34.1,"Prasidh to Sam Curran, no run, short of length around off, Curran nudges into the on-side"
33.6,"Krunal Pandya to Sam Curran, 1 run, hangs back and works another one wristily off the backfoot towards long-on for a single"
33.5,"Krunal Pandya to Sam Curran, no run, zips through outside off, Sam Curran defends hastily off the backfoot"
33.4,"Krunal Pandya to Sam Curran, no run, works this flat one from the pads towards midwicket"
33.3,"Krunal Pandya to Sam Curran, no run, hangs back to a flat skidder outside off, and chops it towards point"
33.2,"Krunal Pandya to Sam Curran, no run, gets across to a flat one and poke-pushes it back to Krunal"
33.1,"Krunal Pandya to Moeen Ali, 1 run, flat and into the pads, tucked away to deep mid-wicket for a single"
32.6,"Prasidh to Moeen Ali, 1 run, back of a length ball outside off, Moeen Ali caresses this down towards sweeper cover with his weight on the backfoot, for a single"
32.5,"Prasidh to Moeen Ali, no run, short of length ball on off, Moeen Ali hops on top of the bounce and drops it into the off-side"
32.4,"Prasidh to Sam Curran, 1 run, taps this on the head to cover for a single, Gill fires in a throw at the striker's end, and Moeen Ali wasn't even in the frame! Gill misses, though, and that's an opportunity gone begging..."
32.3,"Prasidh to Moeen Ali, 1 run, short of length ball on off-stump, Moeen Ali hangs back and steers it down to third man for a single"
32.2,"Prasidh to Sam Curran, 1 run, works a back of a length ball off the pads in front of square leg for a single"
32.1,"Prasidh to Billings, out Caught by Kohli!! That's the end of Billings! It's the length that's done him in, the ""neither here nor there"" length, Billings reaches out and tries driving towards the covers through the line, ends up slicing it and gets it straight to Kohli at cover who doesn't fluff this one. Wicket #3 for Prasidh, who's turned things around for himself after being taken apart in his first few overs. Billings c Kohli b Prasidh 18(22) [4s-1]"
32.1,"Prasidh to Billings, wide, short ball, a little too short, and that's soaring over the batsman's head - wide called"
31.6,"Krunal Pandya to Moeen Ali, no run, lunges forward to a slightly more flighted one and works this back towards the bowler"
31.5,"Krunal Pandya to Billings, 1 run, punches this off the backfoot to long-off for one"
31.4,"Krunal Pandya to Moeen Ali, 1 run, works this with the spin and off the thigh to square leg for a single"
31.3,"Krunal Pandya to Billings, 1 run, slaps this one off the backfoot to wide long-off for one"
31.2,"Krunal Pandya to Moeen Ali, 1 run, tucks this one off the backfoot with the spin to deep mid-wicket for one"
31.1,"Krunal Pandya to Moeen Ali, no run, punches a skidder off the backfoot towards Krunal, who is nearly trampled by Billings as he dives across"
30.6,"Kuldeep Yadav to Moeen Ali, 1 run, reaches out to the pitch of it and drives it square of the wicket for a single"
30.6,"Kuldeep Yadav to Moeen Ali, wide, that's slipped from his hand, and that's a huge wide, almost crossing over into the green"
30.5,"Kuldeep Yadav to Moeen Ali, SIX, launched! The ghosts of Moeen come back to haunt Kuldeep, as he overpitches and is made to pay - Moeen is on his knee, and carts a slog-sweep flat over deep mid-wicket for six!"
30.4,"Kuldeep Yadav to Moeen Ali, no run, a little too close for the cut, a bit of skid, Moeen Ali is late on the cut and that's whizzed past the top-edge"
30.3,"Kuldeep Yadav to Moeen Ali, FOUR, gets across to the pitch of it, and uses his wrists in sweeping that with the topspin away from the square leg fielder to deep backward square leg for four"
30.2,"Kuldeep Yadav to Billings, 1 run, pitches shorter, Billings pulls this down to backward square leg for one"
30.1,"Kuldeep Yadav to Billings, no run, spins back in sharply, Billings is well back and pushes it towards wide mid-on"
29.6,"Krunal Pandya to Moeen Ali, no run, slower through the air, full on the boots, clipped towards mid-on"
29.5,"Krunal Pandya to Billings, 1 run, angling flat and fast into the pivot spot, Billings is cramped on the pull down to long-on for one"
29.4,"Krunal Pandya to Billings, no run, lunges into a forward defence to a flat one on a length"
29.3,"Krunal Pandya to Moeen Ali, 1 run, stays back and punches this off the backfoot to wide long-on for one"
29.2,"Krunal Pandya to Billings, 1 run, hangs back and slaps this cross-batted towards long-off for one"
29.1,"Krunal Pandya to Moeen Ali, leg byes, 1 run, works this away off the thigh behind square leg for a single - no bat on it, and those will in fact be leg-byes"
28.6,"Kuldeep Yadav to Billings, FOUR, half-tracker - ish - skids through low, but Billings is quick to crouch and pulls this away to the deep mid-wicket fence for four"
28.5,"Kuldeep Yadav to Moeen Ali, 1 run, Moeen Ali crouches low to get level with this one and cuts it away square of the wicket for a single"
28.4,"Kuldeep Yadav to Billings, 1 run, gets forward and across to sweep, gets it away to fine leg for a single"
28.3,"Kuldeep Yadav to Billings, no run, Billings gets forward to another looper and gets a thick outside edge towards backward point on the defence"
28.2,"Kuldeep Yadav to Moeen Ali, 1 run, loopy one dipping on a wider spot outside off, Moeen Ali reaches out and drives it down to sweeper cover for a single"
28.1,"Kuldeep Yadav to Billings, 1 run, works this one off the backfoot, with the spin, towards deep square leg for a single"
27.6,"Krunal Pandya to Moeen Ali, no run, a tad shorter on the pelvis, and that's worked off the backfoot towards midwicket"
27.5,"Krunal Pandya to Moeen Ali, no run, punches this full and flat one right back towards Pandya"
27.4,"Krunal Pandya to Moeen Ali, no run, charges down the track and drives this towards short cover"
27.3,"Krunal Pandya to Moeen Ali, no run, punches this off the backfoot towards cover"
27.2,"Krunal Pandya to Billings, 1 run, skids through on middle and off, Billings stays back and caresses it towards sweeper cover for a single - apparently it was pad first, according to Pandya! Nope, no pad at all, say the slow-mos!"
27.1,"Krunal Pandya to Moeen Ali, 1 run, zips through on the knees, and that's worked away off the backfoot towards deep square leg for a single"
26.6,"Thakur to Billings, no run, short ball, Billings ducks under it, and the umpire deems it legal..."
26.5,"Thakur to Billings, no run, a bit of swing away towards the tramline, pace off, possibly a knuckle ball, Billings reaches out and squirts it out towards cover point"
26.4,"Thakur to Moeen Ali, 1 run, tucks this one off the hip to square leg for a single"
26.3,"Thakur to Moeen Ali, no run, another well-directed bouncer, Moeen Ali thinks about rising on top and pulling, but arches back and drops his wrists in the end to avoid it"
26.2,"Thakur to Billings, 1 run, picks this from a good length and checks a drive towards mid-on for a single as Krunal dives to cut it off"
26.1,"Thakur to Billings, 2 runs, short ball into the body, Billings pulls it down towards deep mid-wicket for a couple"
25.6,"Krunal Pandya to Billings, 1 run, hangs back to another flat one on off-stump, and slaps it away to sweeper cover for one"
25.5,"Krunal Pandya to Moeen Ali, 1 run, sits up from a length, Moeen Ali hangs back and punches it towards long-on for a single"
25.4,"Krunal Pandya to Moeen Ali, 2 runs, he's tried to work it away from outside off towards leg, playing for the turn, but there wasn't any, and he gets a leading edge fine towards third man for a couple"
25.3,"Krunal Pandya to Moeen Ali, no run, zips through from a shorter length, Moeen Ali works it towards mid-on"
25.2,"Krunal Pandya to Billings, 1 run, a bit more air, angling in towards middle and leg, whip-driven down to long-on for a single"
25.1,"Krunal Pandya to Billings, no run, slides through flat on middle and off, Billings defends late under his eyes"
24.6,"Thakur to Moeen Ali, no run, short ball, Moeen Ali drops his wrists and sways out of the way.1 run, 2 wickets in that over."
24.5,"Thakur to Moeen Ali, no run, draws him into a drive through the covers, and he's beaten on the outside edge"
24.4,"Thakur to Buttler, out Lbw! Nothing on UltraEdge. Ball Tracking: Pitching in line, impact in line, and umpire's call for hitting, clipping the top of leg-stump! That's pitching on off-stump, angling towards leg, Buttler is late on the flick shot, falling over into the off-side, and misses, and that's struck him on the pads. Massive appeal from Thakur, and he's got a raised finger from the umpire. Buttler reviews because he thinks it's going down leg, but it's just clipping. Review retained, but wicket, not quite. Buttler lbw b Thakur 2(4)"
24.3,"Thakur to Billings, 1 run, fuller length ball on the pads, worked away towards the midwicket region for a single"
24.2,"Thakur to Billings, no run, punches this back of a length ball off the backfoot towards mid-off"
24.1,"Thakur to Morgan, out Caught by Rahul! That's the end of Morgan, and the scales are just starting to tip towards India now! A short ball angling just outside the off-stump, Morgan is picked his shot rather poorly, choosing to drag this from outside off with a pull, but that bounces a little bit extra, and takes a fine top-edge through to Rahul who holds onto a regulation catch! Morgan c Rahul b Thakur 22(30) [4s-1 6s-1]"
23.6,"Bhuvneshwar to Morgan, 1 run, back of a length ball without a lot of width, Morgan charges and chops this away square of the wicket for a single"
23.5,"Bhuvneshwar to Morgan, no run, taps a length ball on the head towards backward point"
23.4,"Bhuvneshwar to Buttler, 1 run, good length delivery close to the stumps, Buttler pokes and runs it down to third man for a single"
23.3,"Bhuvneshwar to Buttler, no run, fuller length ball just outside off, Buttler gets across and whips it back to the bowler, who turns and flicks it towards the non-striker's stumps but misses"
23.2,"Bhuvneshwar to Morgan, 1 run, works this length ball off the pads towards mid-wicket for a single"
23.1,"Bhuvneshwar to Buttler, 1 run, gets across to a back of a length ball just outside off, and tucks it towards midwicket for a single"
22.6,"Thakur to Morgan, 2 runs, good length ball but loads of width, Morgan whip-drives this through the covers for a couple as Kuldeep does some good work at the deep extra cover fence to cut off the boundary"
22.5,"Thakur to Morgan, no run, extra bounce this time, Morgan arches back and tries to upper-cut, but he's late on it, and it flies over his top-edge"
22.4,"Thakur to Morgan, no run, back of a length ball skidding through low outside off, Morgan tries to level up with a crouch to cut it away, but it slides under his blade through to the 'keeper"
22.3,"Thakur to Morgan, no run, short of length ball just outside off, Morgan opens the face and steers it towards point"
22.2,"Thakur to Morgan, no run, seams sharply away from a short of length spot, and beats Morgan on the outside edge. Truckloads of bounce on that one, and that's flown through to the 'keeper"
22.1,"Thakur to Bairstow, out Caught by Kuldeep Yadav! What's with openers, pulls and the 90s today? A cross-seamer banged in short, Bairstow lashes out with a pull, but hasn't timed it particularly well, and has managed to hand the fielder manning the cow corner fence the simplest chance. He's run across, lost his cap, but has the sense to keep his eyes on the ball and take the catch. It does look like the early advantage of the opening stand is being fast neutralized by India now. Bairstow c Kuldeep Yadav b Thakur 94(66) [4s-6 6s-7]"
21.6,"Kuldeep Yadav to Morgan, no run, an overspinner marginally outside off, Morgan watches it but leaves it alone"
21.5,"Kuldeep Yadav to Bairstow, 1 run, lunges fully forward and defends this off the inside edge to square leg for a single"
21.4,"Kuldeep Yadav to Morgan, 1 run, tossed up just outside off, Morgan reaches out and whip-drives this towards the covers for a single"
21.3,"Kuldeep Yadav to Morgan, no run, loopy delivery just outside off, Morgan whip-drives it right back to Kuldeep"
21.2,"Kuldeep Yadav to Morgan, 2 runs, stays low and uses the width to chop this away off the backfoot to sweeper cover for a couple"
21.1,"Kuldeep Yadav to Morgan, no run, spinning back into the left-hander, Morgan defends off the inside half"
20.6,"Thakur to Morgan, 1 run, tucks this one off the thighs towards the midwicket area for a single"
20.5,"Thakur to Morgan, FOUR, overpitches, Morgan leans into an elegant drive through the covers and that's sped away to the sweeper cover fence for four"
20.4,"Thakur to Bairstow, 1 run, good length ball just outside off-stump, Bairstow works it wristily towards mid-on for one"
20.3,"Thakur to Bairstow, no run, back of a length ball, tight line on off-stump, Bairstow punches off the tip-toe towards short cover"
20.2,"Thakur to Morgan, 1 run, waits for this to arrive from a back of a length spot, and taps it on the head to cover point for a sharp single"
20.1,"Thakur to Bairstow, 1 run, punches a stump-line back of a length ball to long-on with the weight on the backfoot for a single"
19.6,"Kuldeep Yadav to Bairstow, 1 run, loopy and full on the stumps, worked away towards square leg for a quick single"
19.5,"Kuldeep Yadav to Bairstow, FOUR, more rubbish down leg-side, Bairstow just helps it on its way with a fine sweep towards fine leg fence for four"
19.4,"Kuldeep Yadav to Morgan, 1 run, backs away and slaps this off the backfoot towards wide long-off for one"
19.3,"Kuldeep Yadav to Morgan, no run, chops another skidder off the backfoot towards point"
19.2,"Kuldeep Yadav to Morgan, SIX, that's absolute trash, a loopy full-toss at a comfortable height, and Morgan absolutely clubs this over cow corner for six! Gratuitous runs for England..."
19.1,"Kuldeep Yadav to Morgan, no run, chops a skidder off a crouch towards backward point"
18.6,"Prasidh to Bairstow, 2 runs, a bit of seam back in, Bairstow has a big gap between bat and pad driving towards cover, gets a big inside edge towards square leg for a couple"
18.6,"Prasidh to Bairstow, wide, far too short, soars over his head, and that's called a wide"
18.5,"Prasidh to Bairstow, no run, seams away from a good length, Bairstow has a big swing at the original line, misses it completely by a long way"
18.4,"Prasidh to Bairstow, no run, Bairstow is across in his trigger, but is faced with a well-directed short ball, and Bairstow has to sway out of the way. A terrific comeback from Prasidh..."
18.3,"Prasidh to Morgan, 1 run, good length ball outside off, Morgan leans into a drive towards extra cover for a single"
18.2,"Prasidh to Bairstow, 1 run, back of a length ball on off-stump, Bairstow walks at it and taps it to mid-off for one"
18.1,"Prasidh to Bairstow, no run, a hint of seam away, Bairstow goes for a big booming cover drive but is beaten on the outside edge"
17.6,"Kuldeep Yadav to Bairstow, 1 run, a rank half-tracker, and that's pulled hard to deep mid-wicket for one"
17.5,"Kuldeep Yadav to Morgan, 1 run, reaches out and whip-drives it down towards long-off for a single"
17.4,"Kuldeep Yadav to Morgan, no run, skids through outside off, Morgan opens the face and steers it towards the left of Kohli at slip"
17.3,"Kuldeep Yadav to Morgan, no run, reaches out to the flighted one and pushes it towards cover"
17.2,"Kuldeep Yadav to Morgan, no run, spins away towards middle and off, Morgan defends hastily off the backfoot"
17.1,"Kuldeep Yadav to Bairstow, 1 run, works this away off the pads towards mid-wicket for a single"
16.6,"Prasidh to Morgan, no run, straightens from the away angle, Morgan backs into the on-side and pokes with an open face, gets a thick inside edge into the thigh - wicket-maiden for Prasidh. How the fortunes have changed..."
16.5,"Prasidh to Morgan, no run, back of a length ball just outside off, left alone by Morgan"
16.4,"Prasidh to Morgan, no run, opens the face to a good length ball outside off, slices it to the right of point, where the fielder dives and cuts it off"
16.3,"Prasidh to Morgan, no run, that's been dropped by Kohli at slip! Morgan charges first ball, gets the cut a little too fine, Kohli leaps to his left and takes the catch, but the ball trickles out of his hands upon the elbow's impact with the turf - a throw at the striker's end, and Morgan is out of his crease, but Kohli misses, and there's no one covering the stumps!"
16.2,"Prasidh to Stokes, out Caught by (sub)Shubman Gill! A couple of quick wickets for India! A rather full one, no width offered, and that forces Stokes to create some, by backing away into the on-side - opens the face and slices this one straight to Gill at short cover, who is quick enough to latch onto this one. Are the tides turning? That's the end of a quiet Nelson for Stokes. 1 off 11, and he walks back for the first time after that innings at Lord's. Stokes c (sub)Shubman Gill b Prasidh 1(11)"
16.1,"Prasidh to Stokes, no run, back of a length ball on off-stump, defended off the backfoot under his eyes towards cover point"
15.6,"Kuldeep Yadav to Stokes, 1 run, stays low and chops this away square of the wicket for a single to get off the mark"
15.5,"Kuldeep Yadav to Stokes, no run, backs away to a skidder and slaps it towards cover point"
15.4,"Kuldeep Yadav to Stokes, no run, reaches out to the dipping flight and pushes it back to Kuldeep Yadav"
15.3,"Kuldeep Yadav to Stokes, no run, overspin on that ball, spinning away from the left-hander, punched back to the bowler off the backfoot"
15.2,"Kuldeep Yadav to Stokes, no run, lunges forward and smothers the spin with a defence"
15.1,"Kuldeep Yadav to Bairstow, 1 run, spinning back into the right-hander, tucked away off the backfoot towards mid-wicket for a single"
14.6,"Prasidh to Stokes, no run, short of length delivery outside off stump, ignored"
14.5,"Prasidh to Stokes, no run, fullish and on the off stump, Stokes drives it back to the bowler"
14.4,"Prasidh to Stokes, no run, full delivery outside off stump, Stokes lets it go"
14.3,"Prasidh to Stokes, no run, back of a length ball, tight line on the stumps, punched back to the bowler"
14.2,"Prasidh to Roy, out Caught by (sub)Suryakumar Yadav!! First international wicket for Prasidh. SKY juggling at backward point, but manages to grab the rebound. Bit of a strange shot this. Roy lost the bottom hand grip looking to loft the ball. Looked like it came slowly off the pitch and Roy ended up slicing it low to the left of backward point. No actually it was the extra bounce that did the trick. Roy was looking to pull, had to change the shot and the ball rushed on him to hit him high on the bat and fly towards backward point. Finally a breakthrough for India and the bowling change has worked. Roy c (sub)Suryakumar Yadav b Prasidh 46(35) [4s-7 6s-1]"
14.1,"Prasidh to Roy, FOUR, it's too short and too wide. Roy happy to open the bat face and not bother to keep it down. Just guided it past backward point and the timing is so good that third man had no chance"
13.6,"Kuldeep Yadav to Bairstow, no run, shortish delivery on the leg stump, Bairstow cuts it towards point"
13.5,"Kuldeep Yadav to Bairstow, SIX, full and spinning away, Bairstow clears the front leg out of the way and muscles this over long-on. This is sensational hitting"
13.4,"Kuldeep Yadav to Bairstow, no run, covers the line and keeps it out"
13.3,"Kuldeep Yadav to Roy, 1 run, oh he's missed out a full toss. Tried the reverse sweep, so he mishit it to backward point. Had he played normally, would have smashed it over mid-wicket"
13.2,"Kuldeep Yadav to Bairstow, leg byes, 1 run, misses the tickle"
13.1,"Kuldeep Yadav to Roy, 1 run, oh Roy wanting to drive the ball changed his shot last minute as he didn't get to the pitch of the ball and luckily got an inside edge that rolled to leg"
12.6,"Krunal Pandya to Bairstow, no run, not full enough, Bairstow defends to the right of the bowler. Rahul saying this is the length to bowl"
12.5,"Krunal Pandya to Bairstow, SIX, where do you bowl to Bairstow in this mood? Fullish and on the off stump, Bairstow gets across and sweeps behind square, connects and it has landed full on the rope!"
12.4,"Krunal Pandya to Bairstow, SIX, gee! He's danced down the pitch, got close to the pitch of the ball, covered the line and flicked that on one leg. Hit it flat over mid-wicket"
12.3,"Krunal Pandya to Bairstow, 2 runs, gets across and sweeps, gets it fine but Bhuvi Kumar gives chase from short fine leg and hunts it down"
12.2,"Krunal Pandya to Roy, 1 run, stays leg-side of the ball and drives to long-off"
12.1,"Krunal Pandya to Roy, no run, on the leg stump, Roy defends off the back foot"
11.6,"Kuldeep Yadav to Bairstow, no run, flatter delivery outside off stump, Bairstow cuts it to backward point"
11.5,"Kuldeep Yadav to Roy, 1 run, tries the sweep shot, off the glove and rolls to short fine leg"
11.4,"Kuldeep Yadav to Bairstow, 1 run, flatter delivery, Bairstow punches it to long-off"
11.3,"Kuldeep Yadav to Bairstow, SIX, not learning! Bairstow quickly picks the shorter length, goes back and pulls it flat over mid-wicket. 100 up in quick time and India searching for answers"
11.2,"Kuldeep Yadav to Bairstow, FOUR, oh yeah, that drag down will help! Bairstow goes back and pulls behind square and gets his 14th ODI fifty off just 40 balls"
11.1,"Kuldeep Yadav to Roy, 1 run, shortish delivery on the leg stump, Roy pulls it to deep mid-wicket"
10.6,"Krunal Pandya to Bairstow, no run, tries the glance, the ball hits the pad and rolls to leg"
10.5,"Krunal Pandya to Bairstow, no run, defended"
10.4,"Krunal Pandya to Bairstow, no run, on the stumps, punched to the right of the bowler. Ball rolls to long-on off Roy's pad"
10.3,"Krunal Pandya to Bairstow, no run, flighted delivery just outside off stump, Bairstow defends to cover"
10.2,"Krunal Pandya to Roy, 1 run, down leg, Roy flicks it behind square"
10.1,"Krunal Pandya to Roy, FOUR, smashed! Short and wide outside off stump, Roy goes back and belts it past cover"
9.6,"Thakur to Bairstow, FOUR, tries the yorker but misses the length, punch drive straight down the ground and it rockets past mid-on"
9.5,"Thakur to Bairstow, no run, goes for the wide yorker, Bairstow lets it go"
9.4,"Thakur to Roy, 1 run, slower delivery, Roy dabs towards backward point"
9.3,"Thakur to Bairstow, 1 run, fullish and outside off stump, Bairstow drives it to mid-off"
9.2,"Thakur to Bairstow, no run, short of length delivery outside off stump, Bairstow punches it towards cover"
9.1,"Thakur to Bairstow, SIX, England just cruising but Thakur knows he bowled a bad ball. Full and on the leg stump, Bairstow flicks behind square and doesn't bother keeping it down"
8.6,"Krunal Pandya to Roy, SIX, overpitched and you hardly see the England batsmen these days mishit badly to hand. This isn't exactly from the middle of the bat, but good enough to clear the long-on boundary. Krunal Pandya guilty to bowling too full there"
8.5,"Krunal Pandya to Roy, FOUR, a good ball on the stumps and turning, but top shot from Roy. He took the risk of playing across but was in a perfection position to execute that from the middle of the bat, through backward square leg"
8.4,"Krunal Pandya to Roy, no run, driven back to the bowler"
8.3,"Krunal Pandya to Roy, 2 runs, slogged, not from the middle of the bat. Roy playing across the line to this full ball, deep mid-wicket tidies up this time"
8.2,"Krunal Pandya to Roy, FOUR, in the airrr and just over Bhuvi Kumar at mid-on. Roy went back to pull, mistimed, almost holed out"
8.1,"Krunal Pandya to Roy, no run, flatter delivery outside off stump, Roy punches it towards cover"
7.6,"Thakur to Bairstow, FOUR, nicely punched with an angled bat and Bairstow is looking ominous. Short of a length with a bit of width and Bairstow placed it past the dive at backward point"
7.5,"Thakur to Bairstow, no run, short and outside off stump, Bairstow lets it go"
7.4,"Thakur to Bairstow, 2 runs, short and wide, crashed off the back foot, Shreyas Iyer dives to his left and saves two. Oh dear, he is holding the left shoulder in a lot of pain. Yikes, landed badly. Hopefully it's not too serious! Is still on the ground, physio checks and this doesn't look good. He is walking off holding the shoulder. Gill on the field for him"
7.3,"Thakur to Bairstow, 2 runs, whipped away with the wrists, again on the rise but and clearing mid-wicket"
7.2,"Thakur to Bairstow, 2 runs, good length delivery outside off stump, Bairstow drives it towards extra-cover, Hardik dives and saves two"
7.1,"Thakur to Bairstow, no run, shortish delivery, Bairstow mistimes the pull to mid-wicket, looks at the bottom of the bat"
6.6,"Bhuvneshwar to Roy, no run, walks across and tries to flick this short of length delivery, gets hit high on the pad"
6.5,"Bhuvneshwar to Roy, no run, short of length delivery outside off stump, Roy opens the face of the bat and guides it to third man"
6.4,"Bhuvneshwar to Roy, no run, full and outside off stump, Roy drives it towards mid-off"
6.3,"Bhuvneshwar to Roy, no run, short of length delivery swinging back in, Roy punches it towards cover"
6.2,"Bhuvneshwar to Roy, no run, short of length delivery on the off stump, Roy defends"
6.1,"Bhuvneshwar to Roy, FOUR, this great use of the crease! Went deep and bent his knees to get into a good position to punch this full ball square on the off-side, sends it through point and sends it to the boundary"
6.1,"Bhuvneshwar to Roy, wide, oh that's a tough call for a wide. Roy jumping a long way across the sticks and this ball almost shaved the leg stump"
5.6,"Prasidh to Bairstow, 2 runs, gets away with a full freebie ball, driven straight to mid-off. Oh Hardik needlessly fires a direct-hit and they get two overthrow runs as the ball deflects of the sticks"
5.5,"Prasidh to Bairstow, FOUR, the length is much better but Bairstow manages to bravely loft through the line, couldn't time it right because the length wasn't full enough. He clears Krunal at mid-on and the ball touched the rope just before Krunal could stop"
5.4,"Prasidh to Bairstow, FOUR, another overcooked delivery! He's surely got to drag it back. Full and outside off stump, Bairstow frees his arms and essays a lofted cover drive. Hardik talking to the bowler. Kohli tries to encourage"
5.3,"Prasidh to Bairstow, SIX, in the act of trying for swing, he's overpitching. And Bairstow loves to play on the rise. This time he goes all the way over mid-on. Maybe those nip-backers on good length is the way to go!"
5.2,"Prasidh to Bairstow, no run, fullish and angled in, knocked towards mid-wicket"
5.1,"Prasidh to Bairstow, SIX, full and looking for some outswing but it goes straight and Bairstow nails the lofted straight drive to perfection. Prasidh is starting to get expensive. How is he going to react? Asks for a field change"
4.6,"Bhuvneshwar to Roy, no run, beaten! Yet another nip-backer that cuts Roy in half. Fullish and inviting forward, Roy plays the line, commits to it so can't adjust to that seam movement. Lucky to survive"
4.5,"Bhuvneshwar to Bairstow, 1 run, walks down the pitch and pulls this short of length delivery towards mid-on for a quick single"
4.4,"Bhuvneshwar to Bairstow, no run, good length delivery outside off stump, Bairstow cuts it towards cover-point"
4.3,"Bhuvneshwar to Bairstow, no run, good length delivery just outside off stump, Bairstow defends"
4.2,"Bhuvneshwar to Bairstow, no run, outswinger outside off stump, Bairstow defends to off"
4.1,"Bhuvneshwar to Bairstow, 2 runs, mishit, but manages to clear mid-wicket. Looked like this came slowly onto the bat than Bairstow expected. Wanted the pull shot to this short ball, got away with it in the end"
3.6,"Prasidh to Roy, FOUR, short and on the leg stump, Roy pulls, behind square leg and fine leg is just a spectator. Well wide of him to the left, Poor finish to the over from Prasidh after creating pressure"
3.5,"Prasidh to Roy, FOUR, straight drive, Prasidh gets a hand on it, but the timing is good enough for the ball to reach the fence. Overpitched and Roy took toll of it"
3.4,"Prasidh to Roy, no run, good length delivery just outside off stump, Roy defends towards cover"
3.3,"Prasidh to Roy, no run, covers the line and blocks"
3.2,"Prasidh to Roy, no run, yet again Prasidh Krishna gets it to nip back in a long way and trouble an England opener! Good length and heading to swing away, but he gets the ball to misbehave. Roy totally surprised and wears a thankful look on his face as no damage was done"
3.1,"Prasidh to Roy, no run, overpitched delivery on the off stump, Roy on-drives and finds mid-on"
2.6,"Bhuvneshwar to Bairstow, no run, good length delivery outside off stump, Bairstow pushes to cover"
2.5,"Bhuvneshwar to Bairstow, no run, knocked to short mid-wicket. Dhawan there for that uppish flick"
2.5,"Bhuvneshwar to Bairstow, wide, fired down leg"
2.4,"Bhuvneshwar to Bairstow, no run, dangerous punch-cut from Bairstow to a ball that is swinging back in from good length, not much of room too, he plays this to point. Could have so easily been a drag-on"
2.3,"Bhuvneshwar to Bairstow, no run, fullish and on the off stump, Bairstow defends"
2.2,"Bhuvneshwar to Roy, 1 run, knocked to mid-wicket"
2.1,"Bhuvneshwar to Roy, 2 runs, big gap at cover but that's there for the front foot drive, Bhuvneshwar dropping it too short and Roy happy to punch in that big gap"
1.6,"Prasidh to Bairstow, no run, oh through him! Bairstow lucky this wasn't heading to the sticks. He actually played the line of the outswinger to crack the drive through cover, but this full ball cheekily cut back in a long way to beat the inside edge and make that shot look awful"
1.5,"Prasidh to Bairstow, no run, good length delivery on the off stump, Bairstow leans forward and defends"
1.4,"Prasidh to Bairstow, no run, off-drive from the middle of the bat but hit straight to mid-off"
1.4,"Prasidh to Bairstow, 5 wides, oh he sprays this down leg and it beats everyone. Bonus runs for England"
1.3,"Prasidh to Bairstow, no run, appeal for LBW, not given. Question of catch as well! ""I heard two noises,"" says Virat, but KL and the bowler don't seem convinced about the catch. Brilliant nip-backer on good length, Bairstow pushing and missing, impact in line but height was the issue and the replay confirms no bat involved"
1.2,"Prasidh to Bairstow, 2 runs, short of length on the off stump, tried the away-going ball there, Bairstow managed to work that through mid-wicket"
1.1,"Prasidh to Bairstow, no run, shortish delivery outside off stump, Bairstow goes back and pushes towards cover"
0.6,"Bhuvneshwar to Bairstow, 1 run, knocks it to mid-wicket and opens the account"
0.5,"Bhuvneshwar to Bairstow, no run, inswinger on the off stump again, Bairstow defends"
0.4,"Bhuvneshwar to Bairstow, no run, lovely inswinger. Bairstow did well to get forward and he seems to be playing outside the crease too. Impact in line but too high as it hit the thigh pad"
0.3,"Bhuvneshwar to Roy, leg byes, 1 run, inswinger curving back in, but doing too much and heading down leg, Roy misses the glance, Roy gets off strike"
0.2,"Bhuvneshwar to Roy, no run, pushes the outswinger to point"
0.1,"Bhuvneshwar to Roy, no run, short of length delivery swinging away just outside off stump, Roy defends"
49.6,"Mark Wood to Rahul, FOUR, walks across the stumps, Wood bangs it in short and catches Rahul by surprise as he looks to scoop. But he somehow gloves it past the keeper for four"
49.5,"Mark Wood to Rahul, 2 runs, short of length delivery just outside off, Rahul gets it high off the bat as he cuts through point. Gets back for two"
49.4,"Mark Wood to Krunal Pandya, 1 run, the dive saves Krunal at the non-striker's end. He wanted a second run that wasn't on, sent back rightly by Rahul. Just about makes it in. Full ball around middle, Krunal chips it through midwicket. Probably expected it to go for four which is probably why the running wasn't great to begin with"
49.3,"Mark Wood to Rahul, leg byes, 1 run, looks to pull but it's not short enough. Hits Rahul on the thigh pad"
49.2,"Mark Wood to Krunal Pandya, 1 run, yorker on leg stump, squeezed behind sqiare"
49.1,"Mark Wood to Krunal Pandya, FOUR, slower short ball dug into the pitch, Krunal smacks the pull behind square"
48.6,"Tom Curran to Rahul, SIX, quiet over so far but the final delivery disappears. Curran goes for a yorker but he's a few inches shy, allowing Rahul to get under it. Hammered for a flat six down the ground"
48.5,"Tom Curran to Krunal Pandya, 1 run, driven down to long-off"
48.5,"Tom Curran to Krunal Pandya, wide, the bouncer's been deemed too high. Slower ball that loops off the pitch and goes over the attempted pull"
48.4,"Tom Curran to Rahul, 1 run, Rahul puts the misery of the T20Is behind and raises fifty as he scythes a low full toss to sweeper cover"
48.3,"Tom Curran to Krunal Pandya, 1 run, slower short ball outside off, slapped to sweeper cover"
48.2,"Tom Curran to Rahul, 1 run, clipped gently through midwicket"
48.1,"Tom Curran to Krunal Pandya, 1 run, low full toss down leg, Krunal flicks it to deep square leg. That's the fastest fifty in ODIs by a debutant. What a knock it has been so far. He raises his bat and points to the heavens"
47.6,"Mark Wood to Rahul, 2 runs, slower, dipping full toss outside off, Rahul drives wide of sweeper cover"
47.5,"Mark Wood to Krunal Pandya, 1 run, short of length delivery around the hip, Krunal shuffles across and pulls in front of fine leg. Just the single"
47.5,"Mark Wood to Krunal Pandya, wide, slower short ball down leg, Krunal misses out on the pull"
47.4,"Mark Wood to Krunal Pandya, SIX, is he on fire or what! Short ball just outside off, Krunal leans back, gets under it and flays the upper-cut over third man. Has turned India's fortunes around since arriving to the crease. Just two away now from a fifty on debut"
47.3,"Mark Wood to Krunal Pandya, FOUR, the fireworks continue from the bat of Krunal Pandya! Full and wide, slashes it over the covers"
47.2,"Mark Wood to Rahul, 1 run, short of length delivery just outside off, dabbed down to third man"
47.1,"Mark Wood to Rahul, SIX, absolutely smoked! It's gone so high, so so high, before finally landing in the stands. It's fed right in the slot from Wood, and Rahul clobbers it across the line over midwicket"
46.6,"Tom Curran to Krunal Pandya, 2 runs, low full toss on leg, Krunal whips it wide of deep square leg who cuts it off at the boundary"
46.5,"Tom Curran to Rahul, 1 run, clipped down to fine leg"
46.4,"Tom Curran to Krunal Pandya, 1 run, a violent slash from Krunal, looking to bludgeon the slower bouncer after charging down. Mistimes it wide of mid-off"
46.3,"Tom Curran to Krunal Pandya, SIX, that's a proper wallop across the line. Full on middle and leg, Krunal swings belligerently over square leg and this goes deep into the stands"
46.2,"Tom Curran to Krunal Pandya, no run, slower delivery that loops off a short of length and beats Krunal's attempted dab to third man"
46.1,"Tom Curran to Rahul, 1 run, back of a length delivery on middle, hits Rahul hard on the splice as he mistmes the push to mid-off. They get across for a quick single"
45.6,"Adil Rashid to Rahul, 1 run, flat on leg, back of a length, Rahul tucks it through midwicket"
45.5,"Adil Rashid to Krunal Pandya, 1 run, only a single this time through midwicket"
45.4,"Adil Rashid to Krunal Pandya, 2 runs, works it through midwicket and they push hard for two"
45.3,"Adil Rashid to Rahul, 1 run, picks the googly and works it down to long-on"
45.2,"Adil Rashid to Rahul, FOUR, drifting in on leg, Rahul goes down to sweep and gets a thick top-edge that loops over short fine. Rolls away into the boundary. Fifty of the partnership comes up in quick time"
45.1,"Adil Rashid to Krunal Pandya, 1 run, googly turning away from off, Krunal works it through midwicket"
44.6,"Tom Curran to Rahul, FOUR, he's deceived by the slower ball here, but Rahul goes through with the lofted drive and despite his bottom hand coming off he's struck it well enough over extra cover. Almost goes all the way"
44.5,"Tom Curran to Krunal Pandya, 1 run, back of a length delivery across off, dabbed in front of cover"
44.4,"Tom Curran to Krunal Pandya, FOUR, not the length Curran is expected to bowl with the field he's got. Pitches it up around off and Krunal slams it over mid-on"
44.3,"Tom Curran to Rahul, 1 run, miscues the pull in the air but it falls short of deep square leg"
44.2,"Tom Curran to Krunal Pandya, 1 run, short of length delivery just outside off, Krunal pulls to deep midwicket"
44.1,"Tom Curran to Rahul, 1 run, good length around middle and off, Rahul works it through midwicket"
43.6,"Adil Rashid to Krunal Pandya, no run, excellent in the field from England. It's a short googly outside off, plenty of width but it goes unpunished as Krunal's cut is stopped by Livingstone's brilliant dive at backward point"
43.5,"Adil Rashid to Rahul, 1 run, whipped off the back foot again but doesn't have the timing. Only a single to long-on"
43.4,"Adil Rashid to Rahul, 2 runs, pushed through flat, back of a length on leg, Rahul whips it wide of long-on after going deep in the crease"
43.4,"Adil Rashid to Rahul, wide, googly spins down leg, another wide"
43.4,"Adil Rashid to Rahul, wide, darted down leg as a response, signalled wide"
43.3,"Adil Rashid to Rahul, SIX, this should fill him with some confidence. Rahul clears the front leg to a ball drifting in, it's right in the slot for him and he swings through the line over long-off. A bit of a delay as the ball has to be found, then returned, then sanitised"
43.2,"Adil Rashid to Krunal Pandya, 1 run, picks the googly and opens the face to steer it quite fine. Short third man cuts it off"
43.1,"Adil Rashid to Rahul, 1 run, quite full on leg as Rashid fires it in, Rahul flicks it through to deep midwicket"
42.6,"Stokes to Krunal Pandya, no run, way too ambitious now, looking to scorch a length ball through the covers. Beaten for pace and bounce. Was cramped for room as well"
42.5,"Stokes to Rahul, 1 run, back of a length delivery outside off, punched through to deep point"
42.4,"Stokes to Rahul, no run, back of a length delivery just outside off, Rahul mistimes the drive down the pitch. Clearly looks out of rhythm"
42.3,"Stokes to Krunal Pandya, 1 run, back of a length delivery across off, runs it down to third man"
42.2,"Stokes to Krunal Pandya, FOUR, suddenly Krunal has come out and got the boundaries flowing again. Overpitched around off, drives sweetly through extra cover"
42.1,"Stokes to Rahul, 1 run, short of length delivery just outside off, Rahul looks to cut but chops it wide of cover"
41.6,"Sam Curran to Krunal Pandya, FOUR, and four more to finish a productive over for India. Flicked away off the pads as Curran errs in both line and length, offering a low ful toss on leg stump"
41.5,"Sam Curran to Krunal Pandya, no run, cuts in off a length to hit the pad. The slower ball was drifting down"
41.4,"Sam Curran to Krunal Pandya, FOUR, one in front of square, this one behind square, both equally well timed. Dug in short again, Krunal's in position in a flash to pull it to the ropes"
41.3,"Sam Curran to Krunal Pandya, FOUR, gets hold of the pull shot and nails it over midwicket. Curran doesn't have the pace, but he still can surprise the batsman with his bouncers. This one isn't high enough though"
41.2,"Sam Curran to Krunal Pandya, no run, length ball around off, defended forward"
41.1,"Sam Curran to Krunal Pandya, no run, quite full on leg, squeezed to midwicket"
40.6,"Stokes to Rahul, no run, full ball around off, Rahul pushes to mid-off"
40.5,"Stokes to Rahul, no run, back of a length delivery around off, blocked"
40.4,"Stokes to Krunal Pandya, 1 run, short of length delivery, pulled to deep square leg"
40.3,"Stokes to Hardik Pandya, out Caught by Bairstow!! That is catching practice. Pandya opens the face and runs this straight into the hands of first slip where Bairstow gladly accepts the chance. Really loose shot away from the body, looking to guide it towards third man. The slide continues for India. Hardik Pandya c Bairstow b Stokes 1(9)"
40.2,"Stokes to Hardik Pandya, no run, pitched up outside off, Pandya spears the drive straight to cover"
40.1,"Stokes to Hardik Pandya, no run, full at the stumps, whipped to mid-on"
39.6,"Sam Curran to Rahul, no run, full ball angled in on off, Rahul mistimes the push down the pitch"
39.5,"Sam Curran to Rahul, no run, defended forward into the off-side"
39.4,"Sam Curran to Rahul, SIX, short of length delivery, looks like a slower ball that sits up for Rahul who whacks the pull into the midwicket stands"
39.3,"Sam Curran to Rahul, no run, length ball just outside off, driven to the right of backward point. Roy cuts it off"
39.2,"Sam Curran to Hardik Pandya, 1 run, back of a length delivery just outside off, steered down to third man"
39.1,"Sam Curran to Rahul, 1 run, slower ball outside off, back of a length, Rahul cuts to deep point"
38.6,"Stokes to Hardik Pandya, no run, hangs back to a length ball and flays it to backward point"
38.5,"Stokes to Hardik Pandya, no run, short of length delivery just outside off, probably was trying to work it through the on-side after shuffling across but it takes the outside half down the pitch"
38.4,"Stokes to Hardik Pandya, no run, short of length delivery around off, Pandya shuffles across and blocks into the on-side"
38.3,"Stokes to Hardik Pandya, no run, loose waft away from the body as a back of a length delivery beats Pandya outside off"
38.2,"Stokes to Hardik Pandya, no run, length ball around off, Pandya gets forward to defend and plays it onto his pad"
38.1,"Stokes to Dhawan, out Caught by Morgan!! Dhawan falls short of the hundred! Short of length delivery outside off, pulls it straight to Morgan at midwicket. Timed it really well and the ball was travelling. But the England captain holds on. Such a shame for Dhawan, played so well. England are fighting back strongly though. That's three wickets in the last six overs. Dhawan c Morgan b Stokes 98(106) [4s-11 6s-2]"
37.6,"Sam Curran to Rahul, no run, still coming to grips with the extra bounce in this pitch. Looks like this has hit Rahul around the hip bone. Tries rubbing the pain away. Short of length delivery angled in around middle, wants to nudge it into the on-side but misses"
37.5,"Sam Curran to Rahul, no run, banged in short outside off, left alone"
37.4,"Sam Curran to Rahul, no run, good length ball that hits Rahul high on the bat as he gets forward to defend"
37.3,"Sam Curran to Rahul, no run, short of length delivery around off as Curran angles it in from round the wicket, Rahul blocks to point"
37.2,"Sam Curran to Rahul, no run, short of length delivery around middle, Rahul tries a short-arm pull but is struck on the thigh"
37.1,"Sam Curran to Dhawan, 1 run, short ball angling in, Dhawan sways inside the line and pulls to fine leg"
36.6,"Stokes to Rahul, no run, length ball around off, defended"
36.5,"Stokes to Dhawan, 1 run, Dhawan shuffles across and Stokes tries outsmarting him with a leg-stump yorker. Doesn't quite get it right. Dhawan flicks the low full toss to deep square leg"
36.4,"Stokes to Rahul, 1 run, back of a length on middle, clipped through midwicket"
36.3,"Stokes to Rahul, no run, back of a length delivery around off, Rahul plays gently in front of backward point. Dhawan charges down for a single, making it around halfway through, but is sent back as Roy swoops in on the ball"
36.2,"Stokes to Dhawan, 1 run, back of a length delivery across off, Dhawan shuffles across and nudges it wide of midwicket"
36.1,"Stokes to Dhawan, no run, back of a length delivery across off, defended in front of point"
35.6,"Sam Curran to Rahul, FOUR, wasn't far from the keeper there! Just out of Buttler's reach as he dives to his right. The idea from Rahul was to run it fine as he clearly opened the face, but don't think he wanted to get it this fine. Short of length just outside off, takes a thick outside edge to the boundary"
35.5,"Sam Curran to Rahul, no run, slower, fuller ball outside off, Rahul drives to cover"
35.4,"Sam Curran to Dhawan, leg byes, 1 run, slower ball slanted in on leg, Dhawan is late on the clip and it deflects off his pad"
35.3,"Sam Curran to Dhawan, no run, short of length delivery just outside off, blocked to point"
35.2,"Sam Curran to Rahul, 1 run, tight single as Rahul taps this slower ball wide of Roy at point. He's sharp there, the England opener. Quick pick-up and release. Dhawan was probably home even if there'd been a direct hit"
35.1,"Sam Curran to Rahul, no run, length ball just outside off, defended to cover"
34.6,"Mark Wood to Dhawan, no run, short of length delivery across off, steered to point. First Kohli, now Iyer, this has been a handy second spell from Wood and an excellent move from Morgan"
34.5,"Mark Wood to Shreyas Iyer, out Caught by (sub)Livingstone!! Mid-off is in the ring and it looks like Iyer wants to loft this over the fielder. He's fairly new to the crease still, but tries taking the attacking option. It hasn't come off. Full ball around off, the bat-face turns on impact and Iyer slices it towards sweeper cover. Good catch running in by Livingstone, the sub fielder. Shreyas Iyer c (sub)Livingstone b Mark Wood 6(9) [4s-1]"
34.4,"Mark Wood to Shreyas Iyer, no run, Wood jumps wide of the crease, angles in a short of length delivery just outside off, Iyer blocks into the off-side"
34.3,"Mark Wood to Shreyas Iyer, no run, back of a length delivery just outside off, blocked to cover"
34.2,"Mark Wood to Shreyas Iyer, FOUR, he knows this is going to be a tactic against him, and it looks like Iyer is waiting for the short ball here. Pulls it away through well in front of square to beat the fielder in the deep"
34.1,"Mark Wood to Shreyas Iyer, no run, short of length delivery outside off, steered wide of backward point. Roy does so well to cut off the single"
33.6,"Tom Curran to Dhawan, no run, back of a length delivery just outside off, defended in front of cover"
33.5,"Tom Curran to Dhawan, no run, good length delivery just outside off, steered to backward point"
33.4,"Tom Curran to Dhawan, FOUR, slower ball outside off, it's short, there's width and Dhawan laces the cut through backward point. Moves to 95"
33.3,"Tom Curran to Shreyas Iyer, 1 run, back of a length on off, clipped through square leg"
33.2,"Tom Curran to Shreyas Iyer, no run, short of length delivery around off, Iyer gently blocks into the off-side"
33.1,"Tom Curran to Shreyas Iyer, no run, attacks Iyer with a short ball that flies over his left shoulder. He tried taking it on with a pull but it got too big on him"
32.6,"Mark Wood to Dhawan, FOUR, this doesn't look good at all. Billings is on the floor, wincing in pain after a diving effort at the boundary. Seems to have hurt his left shoulder and the physio rushes to have a look. Teammates gather near him as well. It's a short of length delivery outside off, Dhawan steps across and pulls wide of deep square. Billings charges to his right and tries to keep it inside the ropes but his foot is in contact with the boundary while he's flicking the ball back in. He has gone off the field now with Livingstone coming on as a sub"
32.5,"Mark Wood to Dhawan, no run, short of length delivery around off, 143kph, Dhawan pats it to point"
32.4,"Mark Wood to Dhawan, no run, back of a length delivery around off, blocked into the on-side"
32.3,"Mark Wood to Dhawan, FOUR, rocks back to a short ball and pulls well in front of square. The pace of Wood no deterrent for Dhawan here"
32.2,"Mark Wood to Shreyas Iyer, 1 run, back of a length delivery just outside off, dabbed down to third man"
32.1,"Mark Wood to Kohli, out Caught by Moeen Ali!! Strong bottom-handed whip from Kohli, but he's hit it straight to deep midwicket. Length ball on middle, it's a typical Kohli shot this, other than the fact that he usually puts it in the gap. No mistake from Moeen Ali this time. Big wicket for England as this partnership was threatening to raise the tempo further. Kohli c Moeen Ali b Mark Wood 56(60) [4s-6]"
31.6,"Tom Curran to Kohli, 1 run, pushes a full ball to the left of mid-on"
31.5,"Tom Curran to Kohli, no run, Kohli was looking to turn this through the on-side but the ball straightens a touch from a good length on off. Takes a soft leading edge to cover. Kohli upset with himself"
31.4,"Tom Curran to Dhawan, 1 run, length ball on middle, Dhawan takes a step towards off stump and clips it through square leg"
31.3,"Tom Curran to Kohli, 1 run, back of a length on middle, slower ball, Kohli nudges it into the on-side"
31.2,"Tom Curran to Dhawan, 1 run, shimmies down to find a ball that's a bit short outside off, cuts it throough point. Sweeper cover does well to keep it to one"
31.1,"Tom Curran to Kohli, 1 run, walks down the pitch and works this length ball wide of mid-on"
30.6,"Mark Wood to Dhawan, no run, short of length delivery just outside off stump, Dhawan defends towards point"
30.5,"Mark Wood to Dhawan, FOUR, cracking cover drive! Full and outside off stump, Dhawan leans forward and punch drives to the right of mid-off. His team-mates loved that hit from the dugout"
30.4,"Mark Wood to Dhawan, no run, good length delivery on the off stump, Dhawan defends towards cover, Kohli thinks about a run Dhawan rightly says no"
30.3,"Mark Wood to Kohli, 1 run, opens the face of the bat and dabs it to third man"
30.2,"Mark Wood to Kohli, no run, overpitched delivery outside off stump, Kohli defends"
30.1,"Mark Wood to Kohli, no run, fullish delivery on the off stump, Kohli drives it towards mid-off"
29.6,"Adil Rashid to Kohli, 1 run, pushed away to cover-point for a brisk run"
29.5,"Adil Rashid to Dhawan, 1 run, short delivery, Dhawan pulls it to deep mid-wicket"
29.4,"Adil Rashid to Dhawan, FOUR, Dhawan staying leg-side of the ball when he looks to slog-sweep is a good sight to watch. Ensures he connects under his eyes and hits it flat through deep square leg"
29.3,"Adil Rashid to Kohli, 1 run, comes on the front foot and drives to long-on"
29.2,"Adil Rashid to Dhawan, 1 run, on the leg stump, turned away to square leg"
29.1,"Adil Rashid to Kohli, 1 run, cut away square of the wicket on the off-side and that's a fine fifty from the captain. Looked in the zone right from ball one and he looks ominous. His tame-mates applaud"
28.6,"Moeen Ali to Dhawan, no run, short and outside off stump, Dhawan cuts and finds cover-point"
28.5,"Moeen Ali to Dhawan, no run, on the stumps, Dhawan works it to mid-wicket, wants a run but sent back"
28.4,"Moeen Ali to Dhawan, FOUR, now bowls down leg and Dhawan is clever to tickle it fine past the keeper and take fine leg out of the equation"
28.3,"Moeen Ali to Dhawan, SIX, he was waiting for this! Backs away, Moeen lands one in the slot and Dhawan nails the inside-out lofted cover drive"
28.2,"Moeen Ali to Kohli, 1 run, on the stumps, Kohli works to to square leg"
28.1,"Moeen Ali to Kohli, FOUR, oh Ben Stokes has let this go right through his hands. Off-drive to the left of mid-off, easy stop for Stokes, but he seemed to have overrun, the ball hits the hands and goes to the right"
27.6,"Adil Rashid to Kohli, 1 run, spinning away outside off stump, Kohli taps it to point"
27.5,"Adil Rashid to Dhawan, 1 run, shortish delivery, Dhawan pulls it to backward square leg"
27.4,"Adil Rashid to Kohli, 1 run, pushed away to sweeper cover"
27.3,"Adil Rashid to Dhawan, 1 run, dropped. Moeen the man. Short and on the stumps, Dhawan pulls, easy catch to the right at deep mid-wicket, looked a bit casual last minute trying to catch close to the chest but didn't control the hands. Rashid bangs the turf in disappointment"
27.2,"Adil Rashid to Kohli, 1 run, off-drive off the front foot to long-off"
27.1,"Adil Rashid to Kohli, no run, gets a stride forward to kill some turn, Kohli plays to point with an angled bat"
26.6,"Moeen Ali to Kohli, 1 run, lets the ball turn and dabs to backward point"
26.5,"Moeen Ali to Dhawan, 1 run, flighted delivery, Dhawan sweeps to deep mid-wicket"
26.4,"Moeen Ali to Kohli, 1 run, pushes it gently to backward point"
26.3,"Moeen Ali to Kohli, no run, worked to the left of short mid-wicket, can't find the gap"
26.2,"Moeen Ali to Dhawan, 1 run, fullish delivery, Dhawan drives it to mid-on"
26.1,"Moeen Ali to Kohli, 1 run, flighted delivery on the stumps, Kohli drives it to long-on"
25.6,"Adil Rashid to Dhawan, no run, flatter delivery outside off stump, Dhawan cuts it to backward point"
25.5,"Adil Rashid to Kohli, 1 run, works the googly to long-on"
25.4,"Adil Rashid to Dhawan, 1 run, fullish and on the stumps, Dhawan drives it to mid-on"
25.3,"Adil Rashid to Kohli, 1 run, on the stumps, Kohli pushes it to point"
25.2,"Adil Rashid to Kohli, FOUR, shortish delivery, Kohli pulls it to deep mid-wicket, the man in the deep runs to the right but loses the battle"
25.1,"Adil Rashid to Dhawan, 1 run, flighted delivery just outside off stump, Dhawan sweeps it to deep mid-wicket"
24.6,"Moeen Ali to Kohli, FOUR, flatter delivery outside off stump, Kohli goes back and cuts hard, sends it behind backward point and it races away to the boundary"
24.5,"Moeen Ali to Kohli, no run, spinning back in, Kohli cuts it towards point"
24.4,"Moeen Ali to Dhawan, 1 run, flighted delivery on the leg stump, Dhawan steps out and drives to mid-on"
24.3,"Moeen Ali to Dhawan, 2 runs, on the leg stump, knocked to fine leg, fumble and they get the second they hesitated for initially"
24.2,"Moeen Ali to Kohli, 1 run, shortish and spinning away outside off stump, Kohli cuts it to sweeper cover"
24.1,"Moeen Ali to Kohli, no run, steps out and smashes it back at Moeen"
23.6,"Adil Rashid to Kohli, 1 run, goes back and works it through backward square leg"
23.5,"Adil Rashid to Kohli, FOUR, driven firmly down the ground. Full and in the slot, Kohli leans forward and hits it nicely between the ump's legs"
23.4,"Adil Rashid to Kohli, no run, oh tries to flick and gets a leading edge that rolls towards point"
23.3,"Adil Rashid to Dhawan, 1 run, cut away square of the wicket outside the off-side"
23.2,"Adil Rashid to Dhawan, no run, enough doubt there to rule it in favour of the batsman there. Spinning back in, Dhawan misses the sweep, impact in line with leg but the ball had turned to cause the doubt in the ump's mind. England keep their review"
23.1,"Adil Rashid to Dhawan, SIX, the Shikhar Dhawan slog sweep and he clears the mid-wicket boundary to raise his fifty. This is full and just outside off stump, picks it up from there and powers it nicely. Pat on the shoulder from the captain"
22.6,"Stokes to Kohli, no run, defended towards backward point"
22.5,"Stokes to Kohli, no run, short of length delivery on the off stump, Kohli gets hit on the thigh pad as he ball bounces extra"
22.4,"Stokes to Kohli, no run, short of length delivery, Kohli defends"
22.3,"Stokes to Kohli, no run, outside off stump, left alone"
22.2,"Stokes to Kohli, no run, creams the cover drive but is frustrated with himself for hitting it straight to the fielder"
22.1,"Stokes to Kohli, FOUR, short delivery on the off stump, Kohli goes back and pulls through mid-wicket, man in the deep very wide and had no chance running to his left"
21.6,"Adil Rashid to Kohli, 1 run, punched off the back foot to long-on"
21.5,"Adil Rashid to Kohli, no run, driven off the front foot towards cover"
21.4,"Adil Rashid to Kohli, 2 runs, quicker ball but Kohli using the depth of the crease to great effect and cut late past backward point"
21.3,"Adil Rashid to Kohli, no run, flighted delivery just outside off stump, Kohli defends off the front foot"
21.2,"Adil Rashid to Dhawan, 1 run, whipped away past mid-wicket, long-on is wide and he cuts it off"
21.1,"Adil Rashid to Dhawan, no run, advances and defends this flatter delivery into off"
20.6,"Stokes to Dhawan, 1 run, short of length delivery outside off stump, Dhawan taps it away to backward point"
20.5,"Stokes to Dhawan, no run, played to point"
20.4,"Stokes to Dhawan, no run, Dhawan taps it beside the pitch and looks for a quick single which isn't there"
20.3,"Stokes to Kohli, 1 run, fullish delivery well outside off stump, driven to the left of cover this time"
20.2,"Stokes to Kohli, no run, short of length delivery outside off stump, Kohli taps it towards backward point"
20.1,"Stokes to Kohli, FOUR, oh shot!!! Overpitched delivery outside off stump, Kohli leans forward and crashes the drive right from the middle of the bat between mid-off and cover"
19.6,"Adil Rashid to Kohli, 1 run, taps it to point off the front foot and runs off"
19.5,"Adil Rashid to Dhawan, 1 run, full and down leg, Dhawan plays the fine sweep to fine leg"
19.4,"Adil Rashid to Dhawan, no run, shortish delivery outside off stump, Dhawan cuts towards point"
19.3,"Adil Rashid to Dhawan, no run, appeal for LBW, not given! Missing leg, Dhawan wanted to sweep this full ball and missed"
19.2,"Adil Rashid to Kohli, 1 run, again mistimes the drive, wanted to hit through cover, but plays it off the inner half of the bat and it rolls straight down the ground"
19.1,"Adil Rashid to Kohli, no run, short delivery, Kohli pulls towards mid-wicket"
18.6,"Tom Curran to Kohli, 1 run, shortish delivery outside off stump, Kohli lets the ball come and cuts to sweeper cover"
18.5,"Tom Curran to Dhawan, 1 run, short of length delivery outside off stump, Dhawan cuts to sweeper cover"
18.4,"Tom Curran to Dhawan, no run, fullish and outside off stump, Dhawan drives it towards mid-off"
18.3,"Tom Curran to Dhawan, no run, short of length delivery outside off stump, Dhawan punches it towards backward point"
18.2,"Tom Curran to Dhawan, no run, short of length delivery outside off stump, Dhawan chops the cut to backward point"
18.1,"Tom Curran to Kohli, 1 run, short of length on the off stump, Kohli goes back and knocks it to mid-wicket"
17.6,"Adil Rashid to Dhawan, no run, googly on the off stump, Dhawan defends from the crease"
17.5,"Adil Rashid to Dhawan, no run, flighted delivery on the stumps, Dhawan defends"
17.4,"Adil Rashid to Kohli, 1 run, flighted delivery on the leg stump, Kohli works it through square leg"
17.3,"Adil Rashid to Kohli, no run, too short, punched back to the bowler"
17.2,"Adil Rashid to Kohli, no run, inviting the drive off the front foot, Kohli mistimes back to the bowler"
17.1,"Adil Rashid to Dhawan, 1 run, full and down leg, Dhawan glances it to fine leg"
16.6,"Tom Curran to Dhawan, 1 run, glanced to fine leg, they think about two as the fielder has to attack the ball from distance, risky second so they say no"
16.5,"Tom Curran to Kohli, 1 run, short of length delivery outside off stump, Kohli guides it to third man"
16.4,"Tom Curran to Kohli, no run, fullish delivery just outside off stump, Kohli defends into the off-side"
16.3,"Tom Curran to Kohli, no run, slower delivery on the off stump, Kohli defends off the back foot"
16.2,"Tom Curran to Kohli, no run, good length delivery outside off stump, Kohli lets it pass"
16.1,"Tom Curran to Kohli, 2 runs, walks a long way across the sticks and glanced this full ball from the off stump line to fine leg, man in the deep very square so Kohli rushing back for the second run"
15.6,"Stokes to Dhawan, FOUR, on the pads, is strong with that bottom-handed flick. Dhawan sends this racing through backward square leg and the man in the deep too had no chance"
15.5,"Stokes to Kohli, 1 run, opens the face of the bat and guides to third man"
15.4,"Stokes to Dhawan, 1 run, oh driven on the rise, but didn't control the shot. Played it to the right of cover. Looks like that length ball stopped on him"
15.3,"Stokes to Kohli, 1 run, now drives to the left of the fielder at cover and opens the account"
15.2,"Stokes to Kohli, no run, first ball Virat Kohli is stretching fully forward to the pitch of the ball and cover driving! Hit it straight to the fielder though"
15.1,"Stokes to Rohit, out Caught by Buttler!! Ben Stokes the patnership breaker again! Looks at his team-mates with a smile because he knows he's got a big wicket on a nothing ball. Short and wide, almost a wide, Rohit usually smashes those past backward point, but got an outside edge as the ball swung away late. England get their first breakthrough. Rohit c Buttler b Stokes 28(42) [4s-4]"
14.6,"Tom Curran to Rohit, 1 run, good length delivery on the off stump, Rohit works it to short mid-wicket"
14.5,"Tom Curran to Rohit, no run, Rohit closes the bat face early looking to work the ball to leg, gets a leading edge that rolls towards backward point"
14.4,"Tom Curran to Rohit, FOUR, advances and pulls over mid-wicket. Short delivery, Rohit ran at the bowler and had no intentions of keeping it along the ground"
14.3,"Tom Curran to Dhawan, 1 run, short of length delivery outside off stump, Dhawan opens the face of the bat and guides to third man"
14.2,"Tom Curran to Dhawan, no run, short of length delivery just outside off stump, Dhawan pushes towards point"
14.1,"Tom Curran to Dhawan, no run, fullish and on the off stump, Dhawan defends"
13.6,"Stokes to Rohit, no run, beaten on the forward defence! Gets Rohit forward, and gets it to seam away from a good length, beating him on the outside edge!"
13.5,"Stokes to Dhawan, leg byes, 1 run, onto the thighs from a back of a length, tucks it away off the backfoot to short fine leg for a single - no bat involved in fact. Leg-byes."
13.4,"Stokes to Dhawan, FOUR, short ball, and it turns out, Dhawan has premeditated correctly this time, gets across and now has the margin of error to play the hook a bit late, gets it away to fine leg on the bounce for four"
13.3,"Stokes to Dhawan, 2 runs, back of a length ball on the hips, Dhawan charges and tucks this away towards backward square leg for a couple"
13.2,"Stokes to Dhawan, no run, back of a length ball on off-stump, Dhawan defends this tentatively into the off-side"
13.1,"Stokes to Dhawan, no run, back of a length ball on middle, Dhawan defends off the backfoot"
12.6,"Tom Curran to Dhawan, 1 run, another blind charge from Dhawan, tries working it into the on-side from a back of a length, but ends up getting a leading edge wide of the slip fielder down to third man for a single"
12.5,"Tom Curran to Rohit, 1 run, works this one from a back of a length to short mid-wicket for a single"
12.4,"Tom Curran to Rohit, no run, seams back in from a back of a length, Rohit tries to glance it away but that's struck him on the thigh"
12.3,"Tom Curran to Rohit, no run, squared up! This white ball has done more today than it's done in the lasy 15 years combined! Gets forward and across to counter the movement, but this one seams away off a hard length and beats him on the outside edge of the defence..."
12.2,"Tom Curran to Rohit, no run, takes off from a back of a length, loads of width outside off, Rohit gets low and has a go at the delicate cut, but that flies over the top-edge"
12.1,"Tom Curran to Rohit, no run, carves a length ball with width towards Roy's left at point, but he's dived once again and cut it off, much to the frustration of Rohit..."
11.6,"Sam Curran to Dhawan, no run, back of a length ball just outside off, tapped off the backfoot towards point"
11.5,"Sam Curran to Rohit, 1 run, short of length ball, rather wide, Rohit reaches out and taps it on the head to glide it down to third man for a single"
11.4,"Sam Curran to Dhawan, 1 run, very full ball on the boots, whipped away to deep mid-wicket for a single"
11.3,"Sam Curran to Dhawan, 2 runs, a bit round-arm, Malinga ball from a length, Dhawan opens the face and carves this away to deep backward point for a couple"
11.2,"Sam Curran to Rohit, 1 run, a wide yorker close to the wide-line, Rohit reaches out and squeezes it with an open-faced deflection down to third man for a single"
11.1,"Sam Curran to Dhawan, 1 run, short and wide, cut away hard, square of the wicket, for a single"
11.1,"Sam Curran to Dhawan, wide, sees Dhawan coming, pitches it short, Dhawan tries to upper-cut, but even the 'keeper has to leap to keep it down - wide called for height"
10.6,"Tom Curran to Rohit, no run, seams sharply back in from a back of a length, Rohit gets across and then jackknifes low after a hop, gets it off the thigh towards the 'keeper who appeals in vain for a catch"
10.5,"Tom Curran to Dhawan, 1 run, good length ball on the pads, clipped off the legs towards backward square leg for a single"
10.4,"Tom Curran to Rohit, 1 run, still a bit of away-swing from a good length, Rohit lets it come on and steers it down to third man for a single"
10.3,"Tom Curran to Rohit, no run, back of a length and marginally wide, Rohit cuts it away towards Roy at point who dives and cuts it off"
10.2,"Tom Curran to Dhawan, 1 run, tucks a back of a length ball off a hop towards square leg for a single"
10.1,"Tom Curran to Dhawan, no run, right on the money! Pitches it on a back of a length in the channel outside off, gets it to seam away just more than enough, and that beats Dhawan on the outside edge of the backfoot defence"
9.6,"Sam Curran to Dhawan, 1 run, short ball, gets across and swivels into a pull shot down to deep square leg for one"
9.5,"Sam Curran to Dhawan, no run, back of a length and just a little wide, Dhawan balances himself with a wide stance and glides it towards backward point - can't find the gap"
9.4,"Sam Curran to Rohit, 1 run, swinging back in from a good length, clipped away towards deep square leg for a single"
9.3,"Sam Curran to Dhawan, 1 run, works this off a leg-stump line to mid-on for a quick single"
9.2,"Sam Curran to Rohit, 1 run, digs this in short, Rohit gets into position for the hook, mistimes it down to backward square leg for a single"
9.1,"Sam Curran to Dhawan, 1 run, good length ball on middle, Dhawan works it away to square leg for a quick single"
8.6,"Mark Wood to Rohit, FOUR, overtpiches this time, and Rohit has nailed a check-drive to the long-on fence for four! Absolutely times the pants off this one..."
8.5,"Mark Wood to Rohit, FOUR, picks this from a good length and creams the drive on the up over the covers to the deep extra cover fence for four!"
8.4,"Mark Wood to Rohit, no run, very full on middle and leg again, check-drives this really late towards mid-on, where the fielder, Tom Curran, dives and has a throw at the non-striker's end, hits, but Dhawan is safely in..."
8.3,"Mark Wood to Rohit, no run, no width on offer from a back of a length spot, deadbatted off the backfoot"
8.2,"Mark Wood to Rohit, no run, fuller length delivery just outside off, punched towards cover"
8.1,"Mark Wood to Rohit, no run, a swerving yorker ball on middle and off, Rohit just about manages to get an outside edge on it and manages to get it to Stokes in the slips - who has managed to hurt his shin!"
7.6,"Sam Curran to Rohit, 1 run, fuller length ball swerving in slightly, check-driven to mid-on for a quick single"
7.5,"Sam Curran to Rohit, no run, takes the pace off, 124km/h, width on offer, an off-cutter (leg-cutter for Rohit), and he reaches out to have a poke - misses"
7.4,"Sam Curran to Rohit, no run, fuller length ball on off-stump, a bit of swing in, Rohit checks a drive towards mid-on"
7.3,"Sam Curran to Dhawan, 1 run, tucked this off a backfoot hop to square leg for a quick single"
7.2,"Sam Curran to Dhawan, no run, marginally wide and full outside off, left alone by Dhawan"
7.1,"Sam Curran to Dhawan, no run, dropped! Run-out chance! All happening! Dhawan cuts one with minimal width, doesn't keep it down, a dive to the left from Roy, who can't hold on, and Billings throws at the non-striker's end - misses, might've been out if he'd hit. Rohit had to put in the dive!"
6.6,"Mark Wood to Dhawan, 1 run, back of a length ball just outside off, tapped on the head off the backfoot towards cover point for a quick single"
6.5,"Mark Wood to Dhawan, FOUR, overpitched this time, a bit of swing away to create width, Dhawan doesn't move his feet uch but runs his hands through the ball to deep extra cover for four! Runs starting to flow just a little bit, for India..."
6.4,"Mark Wood to Dhawan, FOUR, save your legs! Well you can't, because there aren't any spectators to throw it back. Scratch that, go fetch - short and marginally wide, Dhawan very marginally, and Dhawan gets on his toes to arch a little and cream a cramped cut square of the wicket for four! Incredible shot!"
6.3,"Mark Wood to Dhawan, no run, no width on this short of length ball, Dhawan tries having a go at the cut, gets it away towards cover point"
6.2,"Mark Wood to Dhawan, no run, 140.1km/h, skids through from a good length and a bit of movement off the seam into the left-hander, Dhawan tries driving footlessly but gets a thick inside edge onto his pads"
6.1,"Mark Wood to Dhawan, no run, length ball pitched rather wide outside off, Dhawan steps across and leaves it alone..."
5.6,"Sam Curran to Rohit, FOUR, that's a shot and a half! He's stepped across, in surprisingly sensitive conditions, and lapped a good length ball over short fine leg for a one-bounce four!"
5.5,"Sam Curran to Rohit, no run, back of a length ball just outside off, Rohit stays back and defends it very late into the wicket"
5.4,"Sam Curran to Dhawan, 1 run, good length and wide outside off, Dhawan charges down the wicket, and works it from outside off towards mid-wicket for one"
5.3,"Sam Curran to Dhawan, no run, angles in, seams in as well and hurries on from a length Dhawan, Dhawan is late on the half-cocked forward defence, and that's struck him on the pads - perhaps a little high, and that's a futile appeal"
5.2,"Sam Curran to Dhawan, no run, charges down, but sees no width on a short ball, and he's had to get on his toes to fend it off the sticker with the bottom-hand off..."
5.1,"Sam Curran to Dhawan, no run, short and wide, Dhawan shapes up with a wide stance for the cut, but simply doesn't go through with it! Shoulders arms..."
4.6,"Mark Wood to Rohit, no run, beaten! Takes off from a short of length spot, straightens a little off the seam, and beats the attempted backfoot punch from Rohit on the outside edge!"
4.5,"Mark Wood to Rohit, no run, very full, 142.3km/h, swerves away from the off-stump line a little, Rohit opens the face a little into the off-side and defends under his eye"
4.4,"Mark Wood to Rohit, no run, ouch! Rohit is in agony! 148km/h, and it's taken off from a back of a length, straightened, and missed the backfoot defence to strike him on the elbow - possibly the funny bone, which isn't amusing in the least. He's getting some medical attention. A second unforeseen break - 1. Hole in the ball, 2. The not-so-funny bone..."
4.3,"Mark Wood to Rohit, no run, taps this length ball on the head towards cover, and they've sensibly decided against the single"
4.2,"Mark Wood to Rohit, no run, seams away once again and beats the outside edge? Nah, I'd say he's played it inside the line and intended to miss, as it whizzes past"
4.1,"Mark Wood to Rohit, no run, good length and straightening on off-stump, fended off the backfoot into the off-side"
3.6,"Sam Curran to Dhawan, no run, zips through from a good length spot in the channel outside off, Dhawan boldly leaves it alone. Maiden from Curran."
3.5,"Sam Curran to Dhawan, no run, angling in towards the leg-side, Dhawan misses the glance trying to pick it from a length, thuds off the kneeroll into the off-side"
3.4,"Sam Curran to Dhawan, no run, very full and outside off, Dhawan gets forward, a little too forward, and drills it off the toe-end towards mid-off"
3.3,"Sam Curran to Dhawan, no run, a bit more width but lands it on a good length, Dhawan gets the backfoot across on off-stump again before leaving it alone"
3.2,"Sam Curran to Dhawan, no run, back of a length ball angling away but relatively close to the stumps, Dhawan gets across and shoulders arms"
3.1,"Sam Curran to Dhawan, no run, fuller length ball just outside off, Dhawan walks into a cover drive, Billings stops it at short cover, and twists his ankle before falling over! Looks like he's alright..."
2.6,"Mark Wood to Dhawan, 1 run, rising into the ribcage from a short of length at 146.6km/h, Dhawan hops and tucks it away towards fine leg for a single"
2.5,"Mark Wood to Dhawan, no run, good length ball but angling far too wide outside off, left alone by Dhawan"
2.4,"Mark Wood to Dhawan, FOUR, just a hint of width on offer on a short of length ball, and Dhawan allows it to come on, cracks it away with a cut to the deep backward point fence for four!"
2.3,"Mark Wood to Dhawan, no run, uh oh, that's inveigled him into thinking that he had some width on a short of length ball, but seams back in to cut him in half and beats his inside edge - flies over the stumps, between bat and thigh, to the 'keeper"
2.2,"Mark Wood to Dhawan, no run, short of length ball angling outside off, Dhawan gets his backfoot across towards off-stump and leaves it alone"
2.1,"Mark Wood to Rohit, 1 run, back of a length ball rising sharply, 145.1km/h, Rohit gets on his toes and rides the bounce to steer it down towards third man for a single"
1.6,"Sam Curran to Dhawan, no run, short of length ball in the channel outside off, and seaming away prodigiously, Dhawan shuffles across in his trigger and shoulders arms"
1.5,"Sam Curran to Dhawan, no run, nice hard length outside off, Dhawan steps forward and across to shoulder arms"
1.4,"Sam Curran to Rohit, 1 run, works another full one away towards mid-wicket for a single"
1.3,"Sam Curran to Dhawan, 1 run, back of a length and minimal width on offer, Dhawan stays low and carves it away to deep backward point for a single..."
1.2,"Sam Curran to Rohit, 1 run, pitched up on the pads, and that's whipped away to backward square leg for one"
1.1,"Sam Curran to Rohit, no run, is that pitching outside leg? That was a good length one swinging back in, Rohit has fallen across a little trying to glance it away, misses, and that's struck him on the pads - big appeal, but possibly going over the stumps as well, and pitching outside leg according to Ball-tracking..."
0.6,"Mark Wood to Dhawan, no run, tucks this short of length ball off the hips towards square leg"
0.5,"Mark Wood to Dhawan, no run, angling away, hard length, and seams further away as Dhawan defends inside the line! Good, hard phase of Test match lengths dished out to the batsmen at the moment..."
0.4,"Mark Wood to Rohit, 1 run, 143.1km/h, short of length ball into the hip, tucked towards square leg for a quick single"
0.3,"Mark Wood to Rohit, no run, short of length ball at 143.1km/h, seaming away from the inward angle, and that's beaten Rohit on the outside edge as he tries to defend off the backfoot"
0.2,"Mark Wood to Rohit, no run, short of length on off-stump, Rohit gets on his toes to get on top of the bounce and drops it into the on-side"
0.1,"Mark Wood to Rohit, no run, hard length but wide outside the off-stump, 138.7km/h, warm-up pace for Wood, and that's left alone by Rohit"
